"rank_","?column?","followers","rank","tw_username","followers_count","likes","location","location_1","location_2","location_3","location_4","location_5","location_6","continent","country","state","city","followers_count_created_at","location_created_at","ranking_date"
1,@christian_sty,931K,3,christian_sty,931027,91300,"Fort Lauderdale, FL",Fort Lauderdale,FL,"Fort Lauderdale, FL",,"Fort Lauderdale, FL",,,,FL,FORT LAUDERDALE,2022-06-03 02:00:00.000,2022-05-29 02:00:00.000,2022-06-03 02:00:00.000
2,@diegosansporn,732K,14,diegosansporn,731891,70400,"Miami, FL",Miami,FL,"Miami, FL",,"Miami, FL",,,,FL,MIAMI,2022-06-03 02:00:00.000,2022-05-29 02:00:00.000,2022-06-03 02:00:00.000
3,@imanolbrownof,624K,24,imanolbrownof,624257,227200,"Miami, FL",Miami,FL,"Miami, FL",,"Miami, FL",,,,FL,MIAMI,2022-06-03 02:00:00.000,2022-05-17 02:00:00.000,2022-06-03 02:00:00.000
4,@_leonmike17,522K,45,_leonmike17,522300,11700,"Miami, FL",Miami,FL,"Miami, FL",,"Miami, FL",,,,FL,MIAMI,2022-06-03 02:00:00.000,2022-05-29 02:00:00.000,2022-06-03 02:00:00.000
5,@gold_reno,456K,79,gold_reno,455828,421100,Florida,Florida,,Florida,,Florida,,,,FL,,2022-06-03 02:00:00.000,2022-06-03 02:00:00.000,2022-06-03 02:00:00.000
6,@prmusclepapi,425K,97,prmusclepapi,424524,45100,"Miami, FL",Miami,FL,"Miami, FL",,"Miami, FL",,,,FL,MIAMI,2022-06-03 02:00:00.000,2022-05-19 02:00:00.000,2022-06-03 02:00:00.000
7,@pablohernandez7,381K,124,pablohernandez7,380563,86500,"Miami, FL",Miami,FL,"Miami, FL",,"Miami, FL",,,,FL,MIAMI,2022-06-03 02:00:00.000,2022-05-28 02:00:00.000,2022-06-03 02:00:00.000
8,@roxas_caelum,369K,139,roxas_caelum,369009,34400,Los Angeles/Miami ,Los Angeles/Miami,,Los Angeles/Miami,,Los Angeles,Miami,,,CA,LOS ANGELES,2022-06-02 02:00:00.000,2022-05-10 02:00:00.000,2022-06-03 02:00:00.000
9,@ruggeryv,360K,150,ruggeryv,360019,43000,"Miami, FL",Miami,FL,"Miami, FL",,"Miami, FL",,,,FL,MIAMI,2022-06-03 02:00:00.000,2022-05-22 02:00:00.000,2022-06-03 02:00:00.000
10,@poyatoreal,330K,195,poyatoreal,330150,29600,"Miami, FL",Miami,FL,"Miami, FL",,"Miami, FL",,,,FL,MIAMI,2022-06-03 02:00:00.000,2022-05-29 02:00:00.000,2022-06-03 02:00:00.000
11,@anonbttmmia,320K,214,anonbttmmia,319520,45100,"Miami Beach, FL",Miami Beach,FL,"Miami Beach, FL",,"Miami Beach, FL",,,,FL,MIAMI,2022-06-03 02:00:00.000,2022-05-29 02:00:00.000,2022-06-03 02:00:00.000
12,@cokeinyoson,318K,220,cokeinyoson,317973,62800,"Florida, USA",Florida,USA,"Florida, USA",,"Florida, USA",,,,FL,,2022-06-03 02:00:00.000,2022-05-26 02:00:00.000,2022-06-03 02:00:00.000
13,@cushdaddy2,311K,227,cushdaddy2,310626,95900,"Miami, FL",Miami,FL,"Miami, FL",,"Miami, FL",,,,FL,MIAMI,2022-06-02 02:00:00.000,2022-05-29 02:00:00.000,2022-06-03 02:00:00.000
14,@liasisback,276K,312,liasisback,276269,60100,Flanders/Florida,Flanders/Florida,,Flanders/Florida,,Flanders,Florida,,,FL,,2022-06-03 02:00:00.000,2022-05-27 02:00:00.000,2022-06-03 02:00:00.000
15,@lustrashad,265K,343,lustrashad,264613,18300,"Miami, FL",Miami,FL,"Miami, FL",,"Miami, FL",,,,FL,MIAMI,2022-06-02 02:00:00.000,2022-05-27 02:00:00.000,2022-06-03 02:00:00.000
16,@daddyjm215,264K,347,daddyjm215,263625,71800,"Miami, FL",Miami,FL,"Miami, FL",,"Miami, FL",,,,FL,MIAMI,2022-06-02 02:00:00.000,2022-05-29 02:00:00.000,2022-06-03 02:00:00.000
17,@johnbronco87,258K,360,johnbronco87,257555,153300,"Tampa, FL",Tampa,FL,"Tampa, FL",,"Tampa, FL",,,,FL,TAMPA,2022-06-03 02:00:00.000,2022-05-29 02:00:00.000,2022-06-03 02:00:00.000
18,@thecrownedone_,256K,364,thecrownedone_,255549,105500,"Miami, FL",Miami,FL,"Miami, FL",,"Miami, FL",,,,FL,MIAMI,2022-06-02 02:00:00.000,2022-05-29 02:00:00.000,2022-06-03 02:00:00.000
19,@amirpounding,246K,392,amirpounding,246145,13900,Miami Beach🦂   ⬇️ONLYFANS⬇️,Miami Beach🦂   ⬇️ONLYFANS⬇️,,Miami Beach🦂   ⬇️ONLYFANS⬇️,,Miami Beach🦂   ⬇️ONLYFANS⬇️,,,,FL,MIAMI,2022-06-03 02:00:00.000,2022-05-29 02:00:00.000,2022-06-03 02:00:00.000
20,@southernguyx,245K,395,southernguyx,244583,,"Tampa, FL",Tampa,FL,"Tampa, FL",,"Tampa, FL",,,,FL,TAMPA,2022-06-03 02:00:00.000,2022-05-18 02:00:00.000,2022-06-03 02:00:00.000
21,@kristenbjorn,239K,414,kristenbjorn,238701,,Miami / Barcelona,Miami / Barcelona,,Miami / Barcelona,,Miami,Barcelona,,,FL,MIAMI,2022-06-03 02:00:00.000,2022-05-18 02:00:00.000,2022-06-03 02:00:00.000
22,@fittfilou,231K,441,fittfilou,231071,,MIAMI,MIAMI,,MIAMI,,MIAMI,,,,FL,MIAMI,2022-06-02 02:00:00.000,2022-05-29 02:00:00.000,2022-06-03 02:00:00.000
23,@letseatcakexx,206K,558,letseatcakexx,205769,,"Orlando, FL",Orlando,FL,"Orlando, FL",,"Orlando, FL",,,,FL,ORLANDO,2022-06-02 02:00:00.000,2022-05-19 02:00:00.000,2022-06-03 02:00:00.000
24,@nick__pulos,202K,575,nick__pulos,202494,,"Orlando, FL",Orlando,FL,"Orlando, FL",,"Orlando, FL",,,,FL,ORLANDO,2022-06-03 02:00:00.000,2022-06-02 02:00:00.000,2022-06-03 02:00:00.000
25,@ggwickedx,196K,605,ggwickedx,196378,67800,"Miami, FL",Miami,FL,"Miami, FL",,"Miami, FL",,,,FL,MIAMI,2022-06-02 02:00:00.000,2022-06-02 02:00:00.000,2022-06-03 02:00:00.000
26,@paulthecanonxxx,196K,608,paulthecanonxxx,196021,,"Florida, USA",Florida,USA,"Florida, USA",,"Florida, USA",,,,FL,,2022-06-03 02:00:00.000,2022-05-29 02:00:00.000,2022-06-03 02:00:00.000
27,@alexxx8in,195K,616,alexxx8in,194864,61400,"Miami, FL",Miami,FL,"Miami, FL",,"Miami, FL",,,,FL,MIAMI,2022-06-03 02:00:00.000,2022-05-23 02:00:00.000,2022-06-03 02:00:00.000
28,@evanpeixfanpage,189K,641,evanpeixfanpage,189312,,Miami,Miami,,Miami,,Miami,,,,FL,MIAMI,2022-06-03 02:00:00.000,2022-05-19 02:00:00.000,2022-06-03 02:00:00.000
29,@welovejamesant,184K,676,welovejamesant,183995,,"Miami, FL",Miami,FL,"Miami, FL",,"Miami, FL",,,,FL,MIAMI,2022-06-03 02:00:00.000,2022-05-27 02:00:00.000,2022-06-03 02:00:00.000
30,@dannycrossx,180K,703,dannycrossx,180087,57800,"Miami, FL",Miami,FL,"Miami, FL",,"Miami, FL",,,,FL,MIAMI,2022-06-03 02:00:00.000,2022-05-27 02:00:00.000,2022-06-03 02:00:00.000
31,@kalebstryker,178K,720,kalebstryker,178389,61600,"Miami, FL",Miami,FL,"Miami, FL",,"Miami, FL",,,,FL,MIAMI,2022-06-03 02:00:00.000,2022-05-22 02:00:00.000,2022-06-03 02:00:00.000
32,@alex_tikas,170K,767,alex_tikas,170153,,"Fort Lauderdale , Florida ",Fort Lauderdale,Florida,"Fort Lauderdale , Florida",,"Fort Lauderdale , Florida",,,,FL,FORT LAUDERDALE,2022-06-03 02:00:00.000,2022-06-02 02:00:00.000,2022-06-03 02:00:00.000
33,@_tonygoodfellow,163K,809,_tonygoodfellow,163061,69200,"Miami, FL",Miami,FL,"Miami, FL",,"Miami, FL",,,,FL,MIAMI,2022-04-13 02:00:00.000,2022-04-03 02:00:00.000,2022-06-03 02:00:00.000
34,@themaverickmen,158K,854,themaverickmen,157579,,"Boston, MA...Utah...Miami",Boston,MA...Utah...Miami,"Boston, MA...Utah...Miami",,"Boston, MA...Utah...Miami",,,,MA,BOSTON,2022-06-03 02:00:00.000,2022-05-25 02:00:00.000,2022-06-03 02:00:00.000
35,@dillon_cassidy_,157K,862,dillon_cassidy_,156986,,"Orlando, FL",Orlando,FL,"Orlando, FL",,"Orlando, FL",,,,FL,ORLANDO,2022-06-03 02:00:00.000,2022-05-27 02:00:00.000,2022-06-03 02:00:00.000
36,@reyxxl,151K,922,reyxxl,151158,13000,"Miami, FL",Miami,FL,"Miami, FL",,"Miami, FL",,,,FL,MIAMI,2022-06-03 02:00:00.000,2022-05-19 02:00:00.000,2022-06-03 02:00:00.000
37,@meleciobiaggi,150K,925,meleciobiaggi,150437,,"Florida, USA",Florida,USA,"Florida, USA",,"Florida, USA",,,,FL,,2022-06-02 02:00:00.000,2022-05-26 02:00:00.000,2022-06-03 02:00:00.000
38,@saltyboysusa,139K,1029,saltyboysusa,139029,181300,Florida,Florida,,Florida,,Florida,,,,FL,,2022-06-02 02:00:00.000,2022-05-29 02:00:00.000,2022-06-03 02:00:00.000
39,@jayxalexander,131K,1121,jayxalexander,130516,9700,"Fort Lauderdale, FL",Fort Lauderdale,FL,"Fort Lauderdale, FL",,"Fort Lauderdale, FL",,,,FL,FORT LAUDERDALE,2022-06-03 02:00:00.000,2022-05-29 02:00:00.000,2022-06-03 02:00:00.000
40,@bussyanonymous,127K,1170,bussyanonymous,126834,,"Miami, FL",Miami,FL,"Miami, FL",,"Miami, FL",,,,FL,MIAMI,2022-06-03 02:00:00.000,2022-05-27 02:00:00.000,2022-06-03 02:00:00.000
41,@xmanican,125K,1189,xmanican,124819,,"Los Angeles, CA   Orlando, FL",Los Angeles,CA   Orlando,"Los Angeles, CA   Orlando, FL",,"Los Angeles, CA   Orlando, FL",,,,CA,LOS ANGELES,2022-06-02 02:00:00.000,2022-05-17 02:00:00.000,2022-06-03 02:00:00.000
42,@thelatinpapi,124K,1202,thelatinpapi,123892,,NYC/FL/ATL ,NYC/FL/ATL,,NYC/FL/ATL,,NYC,FL,,,FL,,2022-06-02 02:00:00.000,2022-05-28 02:00:00.000,2022-06-03 02:00:00.000
43,@thefitadonis,122K,1226,thefitadonis,122428,,"Miami, FL",Miami,FL,"Miami, FL",,"Miami, FL",,,,FL,MIAMI,2022-06-03 02:00:00.000,2022-06-02 02:00:00.000,2022-06-03 02:00:00.000
44,@alannxoxo,117K,1306,alannxoxo,116599,24400,"Miami, FL",Miami,FL,"Miami, FL",,"Miami, FL",,,,FL,MIAMI,2022-06-02 02:00:00.000,2022-05-28 02:00:00.000,2022-06-03 02:00:00.000
45,@alexxanderlatin,116K,1314,alexxanderlatin,116000,11800,"LA, Dallas, Miami, NYC 🇺🇸",LA,Dallas,"LA, Dallas, Miami, NYC 🇺🇸",,"LA, Dallas, Miami, NYC 🇺🇸",,,,TX,DALLAS,2022-04-05 02:00:00.000,2022-03-19 01:00:00.000,2022-06-03 02:00:00.000
46,@huntervancexxx,116K,1317,huntervancexxx,115720,377,"Tampa, Florida",Tampa,Florida,"Tampa, Florida",,"Tampa, Florida",,,,FL,TAMPA,2022-06-03 02:00:00.000,2022-05-27 02:00:00.000,2022-06-03 02:00:00.000
47,@keycago,113K,1361,keycago,113106,2200,Midwest ,Midwest,,Midwest,,Midwest,,,,FL,,2022-06-03 02:00:00.000,2022-05-29 02:00:00.000,2022-06-03 02:00:00.000
48,@alex_the_gr88,104K,1493,alex_the_gr88,104233,,"Tampa, FL",Tampa,FL,"Tampa, FL",,"Tampa, FL",,,,FL,TAMPA,2022-06-03 02:00:00.000,2022-05-29 02:00:00.000,2022-06-03 02:00:00.000
49,@palexxxander,102K,1523,palexxxander,102468,15500,"Tampa, FL",Tampa,FL,"Tampa, FL",,"Tampa, FL",,,,FL,TAMPA,2022-06-03 02:00:00.000,2022-05-22 02:00:00.000,2022-06-03 02:00:00.000
50,@omgitsobi,102K,1541,omgitsobi,101630,24400,"Miami, FL",Miami,FL,"Miami, FL",,"Miami, FL",,,,FL,MIAMI,2022-06-03 02:00:00.000,2022-05-26 02:00:00.000,2022-06-03 02:00:00.000
51,@lbriskii,101K,1545,lbriskii,101301,49600,"Florida, USA",Florida,USA,"Florida, USA",,"Florida, USA",,,,FL,,2022-06-02 02:00:00.000,2022-05-27 02:00:00.000,2022-06-03 02:00:00.000
52,@robthellist,100K,1565,robthellist,100198,,"Fort Lauderdale, FL",Fort Lauderdale,FL,"Fort Lauderdale, FL",,"Fort Lauderdale, FL",,,,FL,FORT LAUDERDALE,2022-06-03 02:00:00.000,2022-05-15 02:00:00.000,2022-06-03 02:00:00.000
53,@staslandon,98K,1609,staslandon,97912,5900,"Miami Beach, FL",Miami Beach,FL,"Miami Beach, FL",,"Miami Beach, FL",,,,FL,MIAMI,2022-06-02 02:00:00.000,2022-05-27 02:00:00.000,2022-06-03 02:00:00.000
54,@edbrookxxx,96K,1640,edbrookxxx,96391,9600,"Tampa, FL",Tampa,FL,"Tampa, FL",,"Tampa, FL",,,,FL,TAMPA,2022-06-02 02:00:00.000,2022-05-28 02:00:00.000,2022-06-03 02:00:00.000
55,@tldyson,94K,1680,tldyson,94315,72,"Miami, FL",Miami,FL,"Miami, FL",,"Miami, FL",,,,FL,MIAMI,2022-06-03 02:00:00.000,2022-05-23 02:00:00.000,2022-06-03 02:00:00.000
56,@xxxtylerroberts,94K,1690,xxxtylerroberts,93667,,"Miami, FL",Miami,FL,"Miami, FL",,"Miami, FL",,,,FL,MIAMI,2022-06-02 02:00:00.000,2022-05-20 02:00:00.000,2022-06-03 02:00:00.000
57,@masterjax69,90K,1748,masterjax69,90353,33900,"Sarasota, FL",Sarasota,FL,"Sarasota, FL",,"Sarasota, FL",,,,FL,,2022-06-02 02:00:00.000,2022-05-08 02:00:00.000,2022-06-03 02:00:00.000
58,@imanolbrownof2,89K,1772,imanolbrownof2,89309,227200,"Miami, FL",Miami,FL,"Miami, FL",,"Miami, FL",,,,FL,MIAMI,2022-06-02 02:00:00.000,2022-05-27 02:00:00.000,2022-06-03 02:00:00.000
59,@kntleee,88K,1787,kntleee,88190,14000,"Miami, FL",Miami,FL,"Miami, FL",,"Miami, FL",,,,FL,MIAMI,2022-06-02 02:00:00.000,2022-05-19 02:00:00.000,2022-06-03 02:00:00.000
60,@woofpigboy,87K,1803,woofpigboy,87345,5900,"Miami Beach, FL",Miami Beach,FL,"Miami Beach, FL",,"Miami Beach, FL",,,,FL,MIAMI,2022-06-02 02:00:00.000,2022-05-28 02:00:00.000,2022-06-03 02:00:00.000
61,@coltonsteelexxx,86K,1826,coltonsteelexxx,86156,,"Tampa, Fl",Tampa,Fl,"Tampa, Fl",,"Tampa, Fl",,,,FL,TAMPA,2022-06-03 02:00:00.000,2022-05-14 02:00:00.000,2022-06-03 02:00:00.000
62,@sflexn87,85K,1846,sflexn87,84794,84300,"Orlando, FL",Orlando,FL,"Orlando, FL",,"Orlando, FL",,,,FL,ORLANDO,2022-06-03 02:00:00.000,2022-05-07 02:00:00.000,2022-06-03 02:00:00.000
63,@lifeofnakednate,83K,1881,lifeofnakednate,82897,,"Fort Lauderdale, FL",Fort Lauderdale,FL,"Fort Lauderdale, FL",,"Fort Lauderdale, FL",,,,FL,FORT LAUDERDALE,2022-06-03 02:00:00.000,2022-05-29 02:00:00.000,2022-06-03 02:00:00.000
64,@ginozanettiof,82K,1900,ginozanettiof,81665,5500,"Florida, USA",Florida,USA,"Florida, USA",,"Florida, USA",,,,FL,,2022-06-03 02:00:00.000,2022-05-19 02:00:00.000,2022-06-03 02:00:00.000
65,@aarontrainerxxx,81K,1909,aarontrainerxxx,81187,956,"Miami, FL",Miami,FL,"Miami, FL",,"Miami, FL",,,,FL,MIAMI,2022-06-02 02:00:00.000,2022-05-27 02:00:00.000,2022-06-03 02:00:00.000
66,@hunterscottxxx,80K,1948,hunterscottxxx,79639,,"Fort Lauderdale, FL",Fort Lauderdale,FL,"Fort Lauderdale, FL",,"Fort Lauderdale, FL",,,,FL,FORT LAUDERDALE,2022-06-02 02:00:00.000,2022-05-29 02:00:00.000,2022-06-03 02:00:00.000
67,@mattanddick,79K,1950,mattanddick,79303,30600,"Sarasota, FL",Sarasota,FL,"Sarasota, FL",,"Sarasota, FL",,,,FL,,2022-06-03 02:00:00.000,2022-05-28 02:00:00.000,2022-06-03 02:00:00.000
68,@mattragasmusic,79K,1952,mattragasmusic,79284,,"Sarasota, FL",Sarasota,FL,"Sarasota, FL",,"Sarasota, FL",,,,FL,,2022-04-22 02:00:00.000,2022-04-22 02:00:00.000,2022-06-03 02:00:00.000
69,@lukeewingxxx,78K,1983,lukeewingxxx,78120,,"Florida, USA",Florida,USA,"Florida, USA",,"Florida, USA",,,,FL,,2022-06-02 02:00:00.000,2022-05-28 02:00:00.000,2022-06-03 02:00:00.000
70,@xxxrikkyork,77K,1998,xxxrikkyork,77342,,"Fort Lauderdale, FL",Fort Lauderdale,FL,"Fort Lauderdale, FL",,"Fort Lauderdale, FL",,,,FL,FORT LAUDERDALE,2022-06-02 02:00:00.000,2022-05-23 02:00:00.000,2022-06-03 02:00:00.000
71,@ftldaddy1965,77K,2011,ftldaddy1965,76659,2900,"Fort Lauderdale, FL",Fort Lauderdale,FL,"Fort Lauderdale, FL",,"Fort Lauderdale, FL",,,,FL,FORT LAUDERDALE,2022-06-03 02:00:00.000,2022-05-29 02:00:00.000,2022-06-03 02:00:00.000
72,@iamrenzfit,76K,2026,iamrenzfit,76249,,"Miami, FL",Miami,FL,"Miami, FL",,"Miami, FL",,,,FL,MIAMI,2022-06-03 02:00:00.000,2022-05-29 02:00:00.000,2022-06-03 02:00:00.000
73,@jaxon_brad,76K,2043,jaxon_brad,75642,,"Miami, FL",Miami,FL,"Miami, FL",,"Miami, FL",,,,FL,MIAMI,2022-02-16 01:00:00.000,2021-10-27 02:00:00.000,2022-06-03 02:00:00.000
74,@obishole,75K,2063,obishole,74906,24400,"Miami, FL",Miami,FL,"Miami, FL",,"Miami, FL",,,,FL,MIAMI,2022-06-03 02:00:00.000,2022-05-29 02:00:00.000,2022-06-03 02:00:00.000
75,@justinstylesxxx,75K,2078,justinstylesxxx,74529,,Florida,Florida,,Florida,,Florida,,,,FL,,2022-06-03 02:00:00.000,2022-05-17 02:00:00.000,2022-06-03 02:00:00.000
76,@zainalexxxander,72K,2124,zainalexxxander,72090,10400,"Fort Lauderdale, FL",Fort Lauderdale,FL,"Fort Lauderdale, FL",,"Fort Lauderdale, FL",,,,FL,FORT LAUDERDALE,2022-06-03 02:00:00.000,2022-06-03 02:00:00.000,2022-06-03 02:00:00.000
77,@jimmywestxxx,72K,2138,jimmywestxxx,71628,,"Miami, FL",Miami,FL,"Miami, FL",,"Miami, FL",,,,FL,MIAMI,2022-06-02 02:00:00.000,2022-05-16 02:00:00.000,2022-06-03 02:00:00.000
78,@abayoujock,72K,2139,abayoujock,71584,,"Florida, USA",Florida,USA,"Florida, USA",,"Florida, USA",,,,FL,,2022-05-26 02:00:00.000,2022-05-11 02:00:00.000,2022-06-03 02:00:00.000
79,@knoxkillian,71K,2142,knoxkillian,71475,11700,"Orlando, FL",Orlando,FL,"Orlando, FL",,"Orlando, FL",,,,FL,ORLANDO,2022-06-03 02:00:00.000,2022-05-20 02:00:00.000,2022-06-03 02:00:00.000
80,@archercroft,70K,2173,archercroft,70246,,Fort Lauderdale FL,Fort Lauderdale FL,,Fort Lauderdale FL,,Fort Lauderdale FL,,,,FL,FORT LAUDERDALE,2022-06-02 02:00:00.000,2022-05-27 02:00:00.000,2022-06-03 02:00:00.000
81,@tonyvegaxxx,70K,2194,tonyvegaxxx,69536,461,"Fort Lauderdale, FL",Fort Lauderdale,FL,"Fort Lauderdale, FL",,"Fort Lauderdale, FL",,,,FL,FORT LAUDERDALE,2022-06-03 02:00:00.000,2022-05-28 02:00:00.000,2022-06-03 02:00:00.000
82,@banjo_xxl,69K,2207,banjo_xxl,69057,3900,Midwest,Midwest,,Midwest,,Midwest,,,,FL,,2022-06-02 02:00:00.000,2022-05-29 02:00:00.000,2022-06-03 02:00:00.000
83,@paxtonwardxxx,69K,2218,paxtonwardxxx,68686,,Midwest United States,Midwest United States,,Midwest United States,,Midwest United States,,,,FL,,2022-06-03 02:00:00.000,2022-05-28 02:00:00.000,2022-06-03 02:00:00.000
84,@felopezm_,68K,2241,felopezm_,67704,,"Orlando, FL",Orlando,FL,"Orlando, FL",,"Orlando, FL",,,,FL,ORLANDO,2022-06-03 02:00:00.000,2022-05-22 02:00:00.000,2022-06-03 02:00:00.000
85,@the__lv__,68K,2242,the__lv__,67615,36000,"Miami, FL",Miami,FL,"Miami, FL",,"Miami, FL",,,,FL,MIAMI,2022-06-02 02:00:00.000,2022-05-21 02:00:00.000,2022-06-03 02:00:00.000
86,@castrosupremex,67K,2270,castrosupremex,66593,,"Miami Florida, USA",Miami Florida,USA,"Miami Florida, USA",,"Miami Florida, USA",,,,FL,MIAMI,2022-06-02 02:00:00.000,2022-05-14 02:00:00.000,2022-06-03 02:00:00.000
87,@loganb1027,67K,2271,loganb1027,66578,9800,Midwest ,Midwest,,Midwest,,Midwest,,,,FL,,2022-06-03 02:00:00.000,2022-05-23 02:00:00.000,2022-06-03 02:00:00.000
88,@liamh094,65K,2310,liamh094,65003,,"Florida, USA",Florida,USA,"Florida, USA",,"Florida, USA",,,,FL,,2022-06-02 02:00:00.000,2022-05-29 02:00:00.000,2022-06-03 02:00:00.000
89,@nickmorettixxx,65K,2314,nickmorettixxx,64859,,"Fort Lauderdale, FL / San Francisco, CA",Fort Lauderdale,FL / San Francisco,"Fort Lauderdale, FL / San Francisco, CA",,"Fort Lauderdale, FL","San Francisco, CA",,,FL,FORT LAUDERDALE,2022-06-02 02:00:00.000,2022-05-21 02:00:00.000,2022-06-03 02:00:00.000
90,@jayseabrook,65K,2321,jayseabrook,64741,8300,"Fort Lauderdale/Miami, FL",Fort Lauderdale/Miami,FL,"Fort Lauderdale/Miami, FL",,Fort Lauderdale,"Miami, FL",,,FL,FORT LAUDERDALE,2022-06-03 02:00:00.000,2022-05-29 02:00:00.000,2022-06-03 02:00:00.000
91,@landanashb,64K,2332,landanashb,64416,30900,"Miami, FL",Miami,FL,"Miami, FL",,"Miami, FL",,,,FL,MIAMI,2022-06-02 02:00:00.000,2022-05-29 02:00:00.000,2022-06-03 02:00:00.000
92,@amirpounded,64K,2341,amirpounded,64325,13900,"Miami Beach 🦂, FL",Miami Beach 🦂,FL,"Miami Beach 🦂, FL",,"Miami Beach 🦂, FL",,,,FL,MIAMI,2022-06-02 02:00:00.000,2022-05-31 02:00:00.000,2022-06-03 02:00:00.000
93,@danedwards3x,63K,2392,danedwards3x,62945,7100,"Orlando, FL",Orlando,FL,"Orlando, FL",,"Orlando, FL",,,,FL,ORLANDO,2022-06-03 02:00:00.000,2022-05-22 02:00:00.000,2022-06-03 02:00:00.000
94,@king_scotxxx,63K,2411,king_scotxxx,62558,2000,"Fort Lauderdale, FL",Fort Lauderdale,FL,"Fort Lauderdale, FL",,"Fort Lauderdale, FL",,,,FL,FORT LAUDERDALE,2022-06-03 02:00:00.000,2022-05-30 02:00:00.000,2022-06-03 02:00:00.000
95,@alex3legs,62K,2430,alex3legs,62108,32800,"Florida, USA",Florida,USA,"Florida, USA",,"Florida, USA",,,,FL,,2022-06-03 02:00:00.000,2022-05-26 02:00:00.000,2022-06-03 02:00:00.000
96,@thescubagay,61K,2467,thescubagay,60633,6300,"Miami, FL",Miami,FL,"Miami, FL",,"Miami, FL",,,,FL,MIAMI,2022-06-02 02:00:00.000,2022-05-28 02:00:00.000,2022-06-03 02:00:00.000
97,@flavaworks,61K,2469,flavaworks,60526,,"Miami, FL",Miami,FL,"Miami, FL",,"Miami, FL",,,,FL,MIAMI,2022-06-03 02:00:00.000,2022-05-23 02:00:00.000,2022-06-03 02:00:00.000
98,@jongaltxxx,60K,2477,jongaltxxx,60173,1100,"Fort Lauderdale, FL",Fort Lauderdale,FL,"Fort Lauderdale, FL",,"Fort Lauderdale, FL",,,,FL,FORT LAUDERDALE,2022-06-03 02:00:00.000,2022-05-07 02:00:00.000,2022-06-03 02:00:00.000
99,@bobbystevensxxx,60K,2478,bobbystevensxxx,60149,,"Fort Lauderdale, FL",Fort Lauderdale,FL,"Fort Lauderdale, FL",,"Fort Lauderdale, FL",,,,FL,FORT LAUDERDALE,2022-06-03 02:00:00.000,2022-05-29 02:00:00.000,2022-06-03 02:00:00.000
100,@domaggbbtop,59K,2506,domaggbbtop,59471,5000,"Fort Lauderdale, FL",Fort Lauderdale,FL,"Fort Lauderdale, FL",,"Fort Lauderdale, FL",,,,FL,FORT LAUDERDALE,2022-06-03 02:00:00.000,2022-05-29 02:00:00.000,2022-06-03 02:00:00.000
101,@tampatomxxx,59K,2508,tampatomxxx,59445,,"Tampa, FL",Tampa,FL,"Tampa, FL",,"Tampa, FL",,,,FL,TAMPA,2022-06-03 02:00:00.000,2022-05-28 02:00:00.000,2022-06-03 02:00:00.000
102,@getstonedxxx,59K,2526,getstonedxxx,58941,,"Orlando, FL",Orlando,FL,"Orlando, FL",,"Orlando, FL",,,,FL,ORLANDO,2022-06-02 02:00:00.000,2022-05-30 02:00:00.000,2022-06-03 02:00:00.000
103,@playfella,59K,2527,playfella,58922,,"Tampa, FL",Tampa,FL,"Tampa, FL",,"Tampa, FL",,,,FL,TAMPA,2022-06-02 02:00:00.000,2022-05-17 02:00:00.000,2022-06-03 02:00:00.000
104,@onlyfansben,59K,2534,onlyfansben,58665,114600,Florida,Florida,,Florida,,Florida,,,,FL,,2022-06-03 02:00:00.000,2022-06-02 02:00:00.000,2022-06-03 02:00:00.000
105,@dearmasarmando,58K,2541,dearmasarmando,58354,68,"Miami Beach, FL",Miami Beach,FL,"Miami Beach, FL",,"Miami Beach, FL",,,,FL,MIAMI,2022-06-02 02:00:00.000,2022-05-20 02:00:00.000,2022-06-03 02:00:00.000
106,@starboysxx,58K,2551,starboysxx,57978,4800,"Miami, FL",Miami,FL,"Miami, FL",,"Miami, FL",,,,FL,MIAMI,2022-04-04 02:00:00.000,2022-04-02 02:00:00.000,2022-06-03 02:00:00.000
107,@freaky_bandit_,58K,2561,freaky_bandit_,57765,2500,"Miami, FL",Miami,FL,"Miami, FL",,"Miami, FL",,,,FL,MIAMI,2022-06-02 02:00:00.000,2022-05-23 02:00:00.000,2022-06-03 02:00:00.000
108,@kburg305,57K,2580,kburg305,57381,,"Miami, FL",Miami,FL,"Miami, FL",,"Miami, FL",,,,FL,MIAMI,2022-06-02 02:00:00.000,2022-05-29 02:00:00.000,2022-06-03 02:00:00.000
109,@chaosking001,57K,2603,chaosking001,56601,3900,"Orlando, FL",Orlando,FL,"Orlando, FL",,"Orlando, FL",,,,FL,ORLANDO,2022-06-02 02:00:00.000,2022-05-17 02:00:00.000,2022-06-03 02:00:00.000
110,@rolysantosxxx,56K,2613,rolysantosxxx,56251,20400,"Miami, FL",Miami,FL,"Miami, FL",,"Miami, FL",,,,FL,MIAMI,2022-06-02 02:00:00.000,2022-05-28 02:00:00.000,2022-06-03 02:00:00.000
111,@letseatcakexx_,55K,2638,letseatcakexx_,55347,,"Florida, USA",Florida,USA,"Florida, USA",,"Florida, USA",,,,FL,,2022-06-02 02:00:00.000,2022-05-31 02:00:00.000,2022-06-03 02:00:00.000
112,@skinnybutcocky,55K,2641,skinnybutcocky,55298,1500,"Miami, FL",Miami,FL,"Miami, FL",,"Miami, FL",,,,FL,MIAMI,2022-06-02 02:00:00.000,2022-05-27 02:00:00.000,2022-06-03 02:00:00.000
113,@alexvpr221,55K,2654,alexvpr221,54873,2800,"Miami, FL",Miami,FL,"Miami, FL",,"Miami, FL",,,,FL,MIAMI,2022-06-02 02:00:00.000,2022-05-07 02:00:00.000,2022-06-03 02:00:00.000
114,@daddygymrat,55K,2659,daddygymrat,54678,,"Fort Lauderdale, FL",Fort Lauderdale,FL,"Fort Lauderdale, FL",,"Fort Lauderdale, FL",,,,FL,FORT LAUDERDALE,2022-06-03 02:00:00.000,2022-05-25 02:00:00.000,2022-06-03 02:00:00.000
115,@jason_tazarian,54K,2675,jason_tazarian,54373,3500,"Fort Lauderdale, FL",Fort Lauderdale,FL,"Fort Lauderdale, FL",,"Fort Lauderdale, FL",,,,FL,FORT LAUDERDALE,2022-06-02 02:00:00.000,2022-05-29 02:00:00.000,2022-06-03 02:00:00.000
116,@jake_andrewsxxx,54K,2676,jake_andrewsxxx,54372,,"Miami, FL",Miami,FL,"Miami, FL",,"Miami, FL",,,,FL,MIAMI,2022-06-03 02:00:00.000,2022-05-29 02:00:00.000,2022-06-03 02:00:00.000
117,@matt_stevensxxx,52K,2771,matt_stevensxxx,52007,153,"Miami Beach,  New York City",Miami Beach,New York City,"Miami Beach,  New York City",,"Miami Beach,  New York City",,,,NY,NEW YORK CITY,2022-06-02 02:00:00.000,2022-05-20 02:00:00.000,2022-06-03 02:00:00.000
118,@gabriel_grant_,52K,2775,gabriel_grant_,51958,,"Florida, USA",Florida,USA,"Florida, USA",,"Florida, USA",,,,FL,,2022-06-02 02:00:00.000,2022-05-29 02:00:00.000,2022-06-03 02:00:00.000
119,@bigdbuddyxxx,51K,2795,bigdbuddyxxx,51480,,"Florida, USA",Florida,USA,"Florida, USA",,"Florida, USA",,,,FL,,2022-06-03 02:00:00.000,2022-05-26 02:00:00.000,2022-06-03 02:00:00.000
120,@officermuscles,51K,2812,officermuscles,51124,,"Miami, FL",Miami,FL,"Miami, FL",,"Miami, FL",,,,FL,MIAMI,2022-06-02 02:00:00.000,2022-05-29 02:00:00.000,2022-06-03 02:00:00.000
121,@huntercoxs,51K,2828,huntercoxs,50722,2500,"Miami, FL",Miami,FL,"Miami, FL",,"Miami, FL",,,,FL,MIAMI,2022-04-13 02:00:00.000,2022-03-02 01:00:00.000,2022-06-03 02:00:00.000
122,@kevincakesxxx,51K,2835,kevincakesxxx,50574,,"Miami Beach, FL",Miami Beach,FL,"Miami Beach, FL",,"Miami Beach, FL",,,,FL,MIAMI,2022-06-02 02:00:00.000,2022-05-28 02:00:00.000,2022-06-03 02:00:00.000
123,@jimmyandrewsxxx,50K,2848,jimmyandrewsxxx,50419,,"Florida, USA",Florida,USA,"Florida, USA",,"Florida, USA",,,,FL,,2022-06-02 02:00:00.000,2022-05-30 02:00:00.000,2022-06-03 02:00:00.000
124,@kadenhyllsxxx,50K,2851,kadenhyllsxxx,50382,,"Florida, USA",Florida,USA,"Florida, USA",,"Florida, USA",,,,FL,,2022-06-02 02:00:00.000,2022-05-29 02:00:00.000,2022-06-03 02:00:00.000
125,@dylanvossx,50K,2862,dylanvossx,50104,,"Fort Lauderdale, FL",Fort Lauderdale,FL,"Fort Lauderdale, FL",,"Fort Lauderdale, FL",,,,FL,FORT LAUDERDALE,2022-06-02 02:00:00.000,2022-05-29 02:00:00.000,2022-06-03 02:00:00.000
126,@musclebearmtlxx,50K,2864,musclebearmtlxx,49907,,"Fort Lauderdale, FL",Fort Lauderdale,FL,"Fort Lauderdale, FL",,"Fort Lauderdale, FL",,,,FL,FORT LAUDERDALE,2022-06-03 02:00:00.000,2022-05-29 02:00:00.000,2022-06-03 02:00:00.000
127,@helloojose,49K,2908,helloojose,48864,2000,"Miami, FL",Miami,FL,"Miami, FL",,"Miami, FL",,,,FL,MIAMI,2022-06-03 02:00:00.000,2022-05-20 02:00:00.000,2022-06-03 02:00:00.000
128,@alexx93153809,48K,2943,alexx93153809,48074,939,"Florida, USA",Florida,USA,"Florida, USA",,"Florida, USA",,,,FL,,2022-06-02 02:00:00.000,2022-05-27 02:00:00.000,2022-06-03 02:00:00.000
129,@hunternashxxx,48K,2962,hunternashxxx,47731,2900,"Miami, FL",Miami,FL,"Miami, FL",,"Miami, FL",,,,FL,MIAMI,2022-06-02 02:00:00.000,2022-05-29 02:00:00.000,2022-06-03 02:00:00.000
130,@_jay_roman,47K,3003,_jay_roman,46935,1300,"Miami, FL",Miami,FL,"Miami, FL",,"Miami, FL",,,,FL,MIAMI,2022-06-02 02:00:00.000,2022-05-10 02:00:00.000,2022-06-03 02:00:00.000
131,@jakelawrencexxx,47K,3010,jakelawrencexxx,46854,2500,"Fort Lauderdale, FL",Fort Lauderdale,FL,"Fort Lauderdale, FL",,"Fort Lauderdale, FL",,,,FL,FORT LAUDERDALE,2022-06-02 02:00:00.000,2022-05-30 02:00:00.000,2022-06-03 02:00:00.000
132,@flmusclemaster,47K,3016,flmusclemaster,46646,,"Tampa, FL",Tampa,FL,"Tampa, FL",,"Tampa, FL",,,,FL,TAMPA,2022-06-02 02:00:00.000,2022-05-19 02:00:00.000,2022-06-03 02:00:00.000
133,@thatnudesdude,46K,3063,thatnudesdude,45634,6600,Midwest,Midwest,,Midwest,,Midwest,,,,FL,,2022-06-03 02:00:00.000,2022-05-30 02:00:00.000,2022-06-03 02:00:00.000
134,@tigerpouncer,44K,3146,tigerpouncer,44230,,Fort Lauderdale,Fort Lauderdale,,Fort Lauderdale,,Fort Lauderdale,,,,FL,FORT LAUDERDALE,2022-06-03 02:00:00.000,2022-05-23 02:00:00.000,2022-06-03 02:00:00.000
135,@primal1_,44K,3165,primal1_,43854,,"University Park, FL",University Park,FL,"University Park, FL",,"University Park, FL",,,,FL,,2022-05-26 02:00:00.000,2022-05-23 02:00:00.000,2022-06-03 02:00:00.000
136,@xderrickporterx,42K,3275,xderrickporterx,41821,,"Florida, USA",Florida,USA,"Florida, USA",,"Florida, USA",,,,FL,,2022-06-03 02:00:00.000,2022-05-27 02:00:00.000,2022-06-03 02:00:00.000
137,@xxxgalm,41K,3309,xxxgalm,41149,1100,"Florida, USA",Florida,USA,"Florida, USA",,"Florida, USA",,,,FL,,2022-06-02 02:00:00.000,2022-06-02 02:00:00.000,2022-06-03 02:00:00.000
138,@bator78,40K,3368,bator78,40364,,"Midwest, USA",Midwest,USA,"Midwest, USA",,"Midwest, USA",,,,FL,,2022-06-03 02:00:00.000,2022-05-28 02:00:00.000,2022-06-03 02:00:00.000
139,@fitwolf81,40K,3380,fitwolf81,40144,8800,"Miami, FL",Miami,FL,"Miami, FL",,"Miami, FL",,,,FL,MIAMI,2022-06-02 02:00:00.000,2022-05-29 02:00:00.000,2022-06-03 02:00:00.000
140,@andrew4tu,40K,3390,andrew4tu,39987,,"Tampa, FL",Tampa,FL,"Tampa, FL",,"Tampa, FL",,,,FL,TAMPA,2022-06-02 02:00:00.000,2022-05-28 02:00:00.000,2022-06-03 02:00:00.000
141,@thetipsytwink,39K,3436,thetipsytwink,39198,7500,"Fort Lauderdale, FL",Fort Lauderdale,FL,"Fort Lauderdale, FL",,"Fort Lauderdale, FL",,,,FL,FORT LAUDERDALE,2022-06-03 02:00:00.000,2022-06-03 02:00:00.000,2022-06-03 02:00:00.000
142,@arabromance8,39K,3447,arabromance8,38957,,"Fort Lauderdale, FL . Orlando",Fort Lauderdale,FL . Orlando,"Fort Lauderdale, FL . Orlando",,"Fort Lauderdale, FL . Orlando",,,,FL,ORLANDO,2022-06-03 02:00:00.000,2022-05-29 02:00:00.000,2022-06-03 02:00:00.000
143,@thugboy,38K,3492,thugboy,38271,,"Miami, FL",Miami,FL,"Miami, FL",,"Miami, FL",,,,FL,MIAMI,2022-06-02 02:00:00.000,2022-05-29 02:00:00.000,2022-06-03 02:00:00.000
144,@nelson_mauri_,37K,3565,nelson_mauri_,37018,3900,"Miami, FL",Miami,FL,"Miami, FL",,"Miami, FL",,,,FL,MIAMI,2022-06-02 02:00:00.000,2022-05-22 02:00:00.000,2022-06-03 02:00:00.000
145,@gaystuddick,37K,3600,gaystuddick,36581,,"Whorelando, FL",Whorelando,FL,"Whorelando, FL",,"Whorelando, FL",,,,FL,,2022-06-02 02:00:00.000,2022-05-16 02:00:00.000,2022-06-03 02:00:00.000
146,@leogotti69,36K,3625,leogotti69,36283,,"Orlando, FL",Orlando,FL,"Orlando, FL",,"Orlando, FL",,,,FL,ORLANDO,2022-06-03 02:00:00.000,2022-05-11 02:00:00.000,2022-06-03 02:00:00.000
147,@jhit1999,36K,3638,jhit1999,36158,1200,"Jacksonville Beach, FL",Jacksonville Beach,FL,"Jacksonville Beach, FL",,"Jacksonville Beach, FL",,,,FL,JACKSONVILLE,2022-06-02 02:00:00.000,2022-05-29 02:00:00.000,2022-06-03 02:00:00.000
148,@fabscout,36K,3679,fabscout,35503,,"Fort Lauderdale, FL",Fort Lauderdale,FL,"Fort Lauderdale, FL",,"Fort Lauderdale, FL",,,,FL,FORT LAUDERDALE,2022-06-03 02:00:00.000,2022-05-16 02:00:00.000,2022-06-03 02:00:00.000
149,@jacemyersxxx,35K,3685,jacemyersxxx,35413,1100,"Orlando, FL",Orlando,FL,"Orlando, FL",,"Orlando, FL",,,,FL,ORLANDO,2022-06-02 02:00:00.000,2022-05-25 02:00:00.000,2022-06-03 02:00:00.000
150,@latinalfredxxx,35K,3696,latinalfredxxx,35223,751,"Miami, FL",Miami,FL,"Miami, FL",,"Miami, FL",,,,FL,MIAMI,2022-06-02 02:00:00.000,2022-05-28 02:00:00.000,2022-06-03 02:00:00.000
151,@giovannirosax,35K,3721,giovannirosax,34856,3200,"Miami, FL",Miami,FL,"Miami, FL",,"Miami, FL",,,,FL,MIAMI,2022-06-02 02:00:00.000,2022-05-29 02:00:00.000,2022-06-03 02:00:00.000
152,@blondeboygee,35K,3729,blondeboygee,34629,14900,Miami,Miami,,Miami,,Miami,,,,FL,MIAMI,2022-06-03 02:00:00.000,2022-05-29 02:00:00.000,2022-06-03 02:00:00.000
153,@theloganlongg,34K,3773,theloganlongg,33967,1900,Midwest ,Midwest,,Midwest,,Midwest,,,,FL,,2022-04-13 02:00:00.000,2022-04-13 02:00:00.000,2022-06-03 02:00:00.000
154,@renzounctx,34K,3798,renzounctx,33704,3600,"Miami, FL",Miami,FL,"Miami, FL",,"Miami, FL",,,,FL,MIAMI,2022-06-02 02:00:00.000,2022-05-31 02:00:00.000,2022-06-03 02:00:00.000
155,@kazakhkidx,34K,3804,kazakhkidx,33516,643,"Orlando, FL",Orlando,FL,"Orlando, FL",,"Orlando, FL",,,,FL,ORLANDO,2022-06-02 02:00:00.000,2022-05-29 02:00:00.000,2022-06-03 02:00:00.000
156,@blakedaltonx,33K,3828,blakedaltonx,33105,9900,"Miami Beach, FL",Miami Beach,FL,"Miami Beach, FL",,"Miami Beach, FL",,,,FL,MIAMI,2022-06-03 02:00:00.000,2022-05-21 02:00:00.000,2022-06-03 02:00:00.000
157,@dakotalovell_,33K,3838,dakotalovell_,32925,8500,"Florida, USA",Florida,USA,"Florida, USA",,"Florida, USA",,,,FL,,2022-06-02 02:00:00.000,2022-05-22 02:00:00.000,2022-06-03 02:00:00.000
158,@tatedanielss,32K,3874,tatedanielss,32441,8200,"Fort Lauderdale, FL",Fort Lauderdale,FL,"Fort Lauderdale, FL",,"Fort Lauderdale, FL",,,,FL,FORT LAUDERDALE,2022-06-03 02:00:00.000,2022-05-28 02:00:00.000,2022-06-03 02:00:00.000
159,@thatboydylan07,32K,3893,thatboydylan07,32316,,"Orlando, FL",Orlando,FL,"Orlando, FL",,"Orlando, FL",,,,FL,ORLANDO,2022-06-02 02:00:00.000,2022-05-29 02:00:00.000,2022-06-03 02:00:00.000
160,@sin_cityxxx,32K,3904,sin_cityxxx,32194,273,"Florida, USA",Florida,USA,"Florida, USA",,"Florida, USA",,,,FL,,2022-06-03 02:00:00.000,2022-06-03 02:00:00.000,2022-06-03 02:00:00.000
161,@thiccspeedoguy,32K,3912,thiccspeedoguy,32043,,"Fort Lauderdale, FL",Fort Lauderdale,FL,"Fort Lauderdale, FL",,"Fort Lauderdale, FL",,,,FL,FORT LAUDERDALE,2022-06-02 02:00:00.000,2022-05-25 02:00:00.000,2022-06-03 02:00:00.000
162,@tomtom5333,32K,3953,tomtom5333,31531,,"Tampa, FL",Tampa,FL,"Tampa, FL",,"Tampa, FL",,,,FL,TAMPA,2022-06-02 02:00:00.000,2022-05-27 02:00:00.000,2022-06-03 02:00:00.000
163,@joey19975_,31K,3976,joey19975_,31238,,Florida,Florida,,Florida,,Florida,,,,FL,,2022-06-02 02:00:00.000,2022-05-23 02:00:00.000,2022-06-03 02:00:00.000
164,@bussybandittt,31K,4007,bussybandittt,30850,261,"Orlando, FL",Orlando,FL,"Orlando, FL",,"Orlando, FL",,,,FL,ORLANDO,2022-06-03 02:00:00.000,2022-05-29 02:00:00.000,2022-06-03 02:00:00.000
165,@castrosupremexx,31K,4039,castrosupremexx,30507,,"Miami, FL",Miami,FL,"Miami, FL",,"Miami, FL",,,,FL,MIAMI,2022-06-02 02:00:00.000,2022-05-27 02:00:00.000,2022-06-03 02:00:00.000
166,@anthonygreyxxx,30K,4084,anthonygreyxxx,30010,,"New York, NY / Miami Beach, Fl",New York,NY / Miami Beach,"New York, NY / Miami Beach, Fl",,"New York, NY","Miami Beach, Fl",,,FL,MIAMI,2022-06-03 02:00:00.000,2022-05-13 02:00:00.000,2022-06-03 02:00:00.000
167,@meaulikendoll,30K,4091,meaulikendoll,29938,,"Orlando, FL",Orlando,FL,"Orlando, FL",,"Orlando, FL",,,,FL,ORLANDO,2022-06-02 02:00:00.000,2022-05-29 02:00:00.000,2022-06-03 02:00:00.000
168,@sinful_nova,30K,4093,sinful_nova,29923,1800,"Fort Lauderdale, FL",Fort Lauderdale,FL,"Fort Lauderdale, FL",,"Fort Lauderdale, FL",,,,FL,FORT LAUDERDALE,2022-06-02 02:00:00.000,2022-05-27 02:00:00.000,2022-06-03 02:00:00.000
169,@verspapiii,29K,4211,verspapiii,28554,508,Florida,Florida,,Florida,,Florida,,,,FL,,2022-06-02 02:00:00.000,2022-05-27 02:00:00.000,2022-06-03 02:00:00.000
170,@leatheredge,28K,4229,leatheredge,28320,,"Fort Lauderdale, FL",Fort Lauderdale,FL,"Fort Lauderdale, FL",,"Fort Lauderdale, FL",,,,FL,FORT LAUDERDALE,2022-06-03 02:00:00.000,2022-06-02 02:00:00.000,2022-06-03 02:00:00.000
171,@nathanreedxxx,28K,4239,nathanreedxxx,28197,,"Florida, USA",Florida,USA,"Florida, USA",,"Florida, USA",,,,FL,,2022-06-02 02:00:00.000,2022-05-18 02:00:00.000,2022-06-03 02:00:00.000
172,@davidbixccs,28K,4265,davidbixccs,27814,,"Orlando, FL",Orlando,FL,"Orlando, FL",,"Orlando, FL",,,,FL,ORLANDO,2022-06-02 02:00:00.000,2022-04-08 02:00:00.000,2022-06-03 02:00:00.000
173,@nikolovetmxxx,28K,4287,nikolovetmxxx,27548,15000,"West Palm Beach, FL",West Palm Beach,FL,"West Palm Beach, FL",,"West Palm Beach, FL",,,,FL,WEST PALM BEACH,2022-06-02 02:00:00.000,2022-05-27 02:00:00.000,2022-06-03 02:00:00.000
174,@derek_shawxxx,27K,4292,derek_shawxxx,27477,,"Orlando, FL",Orlando,FL,"Orlando, FL",,"Orlando, FL",,,,FL,ORLANDO,2022-06-02 02:00:00.000,2022-05-07 02:00:00.000,2022-06-03 02:00:00.000
175,@eddiemiami_,27K,4328,eddiemiami_,27139,14700,"Miami, FL",Miami,FL,"Miami, FL",,"Miami, FL",,,,FL,MIAMI,2022-06-02 02:00:00.000,2022-05-16 02:00:00.000,2022-06-03 02:00:00.000
176,@pedr0_xxx,27K,4370,pedr0_xxx,26706,5,"Florida, USA",Florida,USA,"Florida, USA",,"Florida, USA",,,,FL,,2022-06-02 02:00:00.000,2022-06-02 02:00:00.000,2022-06-03 02:00:00.000
177,@vectorprivate1,26K,4385,vectorprivate1,26480,,"Miami, FL",Miami,FL,"Miami, FL",,"Miami, FL",,,,FL,MIAMI,2022-06-02 02:00:00.000,2022-05-29 02:00:00.000,2022-06-03 02:00:00.000
178,@myles_spears,26K,4386,myles_spears,26480,6000,"Miami, FL",Miami,FL,"Miami, FL",,"Miami, FL",,,,FL,MIAMI,2022-06-02 02:00:00.000,2022-05-31 02:00:00.000,2022-06-03 02:00:00.000
179,@explictcontentl,26K,4395,explictcontentl,26434,,"Orlando, FL",Orlando,FL,"Orlando, FL",,"Orlando, FL",,,,FL,ORLANDO,2022-06-02 02:00:00.000,2022-05-13 02:00:00.000,2022-06-03 02:00:00.000
180,@boschiworldwide,26K,4427,boschiworldwide,26041,,"Miami, FL",Miami,FL,"Miami, FL",,"Miami, FL",,,,FL,MIAMI,2022-06-03 02:00:00.000,2022-05-29 02:00:00.000,2022-06-03 02:00:00.000
181,@bremen_fitness,25K,4494,bremen_fitness,25349,30800,"Fort Lauderdale, FL",Fort Lauderdale,FL,"Fort Lauderdale, FL",,"Fort Lauderdale, FL",,,,FL,FORT LAUDERDALE,2022-06-03 02:00:00.000,2022-05-29 02:00:00.000,2022-06-03 02:00:00.000
182,@_yaboye,25K,4508,_yaboye,25188,,"Jacksonville, Florida, USA",Jacksonville,Florida,"Jacksonville, Florida, USA",,"Jacksonville, Florida, USA",,,,FL,JACKSONVILLE,2022-06-03 02:00:00.000,2022-05-29 02:00:00.000,2022-06-03 02:00:00.000
183,@dougdeepx,25K,4547,dougdeepx,24725,,"Fort Lauderdale, FL",Fort Lauderdale,FL,"Fort Lauderdale, FL",,"Fort Lauderdale, FL",,,,FL,FORT LAUDERDALE,2022-06-02 02:00:00.000,2022-05-24 02:00:00.000,2022-06-03 02:00:00.000
184,@adamwestfieldxx,25K,4562,adamwestfieldxx,24585,,"Florida, USA",Florida,USA,"Florida, USA",,"Florida, USA",,,,FL,,2022-06-02 02:00:00.000,2022-05-21 02:00:00.000,2022-06-03 02:00:00.000
185,@jakemarshallxxx,24K,4593,jakemarshallxxx,24213,,Fort Lauderdale,Fort Lauderdale,,Fort Lauderdale,,Fort Lauderdale,,,,FL,FORT LAUDERDALE,2022-06-02 02:00:00.000,2022-05-25 02:00:00.000,2022-06-03 02:00:00.000
186,@withathickness,24K,4619,withathickness,23930,,"Florida, USA",Florida,USA,"Florida, USA",,"Florida, USA",,,,FL,,2022-06-02 02:00:00.000,2022-05-27 02:00:00.000,2022-06-03 02:00:00.000
187,@manpuppyxxx,24K,4639,manpuppyxxx,23808,,"Tampa Bay, Florida",Tampa Bay,Florida,"Tampa Bay, Florida",,"Tampa Bay, Florida",,,,FL,TAMPA,2022-06-02 02:00:00.000,2022-05-19 02:00:00.000,2022-06-03 02:00:00.000
188,@nativeboyyy,24K,4669,nativeboyyy,23522,1700,Midwest,Midwest,,Midwest,,Midwest,,,,FL,,2022-06-02 02:00:00.000,2022-05-25 02:00:00.000,2022-06-03 02:00:00.000
189,@cubanangelboy,23K,4698,cubanangelboy,23247,,"Miami, FL",Miami,FL,"Miami, FL",,"Miami, FL",,,,FL,MIAMI,2022-04-15 02:00:00.000,2022-04-12 02:00:00.000,2022-06-03 02:00:00.000
190,@boricuaboy5,23K,4717,boricuaboy5,23076,302,"Florida, USA",Florida,USA,"Florida, USA",,"Florida, USA",,,,FL,,2022-06-03 02:00:00.000,2022-05-29 02:00:00.000,2022-06-03 02:00:00.000
191,@mrlucasgrey,23K,4730,mrlucasgrey,22937,1500,"Miami Beach, FL",Miami Beach,FL,"Miami Beach, FL",,"Miami Beach, FL",,,,FL,MIAMI,2022-06-03 02:00:00.000,2022-05-29 02:00:00.000,2022-06-03 02:00:00.000
192,@thedaddyfinger,23K,4748,thedaddyfinger,22741,160,"Miami, FL",Miami,FL,"Miami, FL",,"Miami, FL",,,,FL,MIAMI,2022-06-03 02:00:00.000,2022-06-03 02:00:00.000,2022-06-03 02:00:00.000
193,@jacechambersxxx,23K,4772,jacechambersxxx,22581,,"Miami, FL",Miami,FL,"Miami, FL",,"Miami, FL",,,,FL,MIAMI,2022-06-03 02:00:00.000,2022-05-27 02:00:00.000,2022-06-03 02:00:00.000
194,@rawboymia,22K,4822,rawboymia,22040,81,"Miami Beach, FL",Miami Beach,FL,"Miami Beach, FL",,"Miami Beach, FL",,,,FL,MIAMI,2022-06-03 02:00:00.000,2022-05-26 02:00:00.000,2022-06-03 02:00:00.000
195,@hungeaston,22K,4833,hungeaston,21997,14400,"Florida, USA",Florida,USA,"Florida, USA",,"Florida, USA",,,,FL,,2022-06-03 02:00:00.000,2022-05-29 02:00:00.000,2022-06-03 02:00:00.000
196,@maxxxdepth,22K,4846,maxxxdepth,21902,,"Orlando, FL",Orlando,FL,"Orlando, FL",,"Orlando, FL",,,,FL,ORLANDO,2022-06-03 02:00:00.000,2022-05-14 02:00:00.000,2022-06-03 02:00:00.000
197,@heightshoundsxx,22K,4853,heightshoundsxx,21833,3200,"Fort Lauderdale, FL",Fort Lauderdale,FL,"Fort Lauderdale, FL",,"Fort Lauderdale, FL",,,,FL,FORT LAUDERDALE,2022-06-03 02:00:00.000,2022-05-29 02:00:00.000,2022-06-03 02:00:00.000
198,@mariocostaxxx,22K,4878,mariocostaxxx,21616,,"Miami, FL ",Miami,FL,"Miami, FL",,"Miami, FL",,,,FL,MIAMI,2022-06-02 02:00:00.000,2022-05-19 02:00:00.000,2022-06-03 02:00:00.000
199,@hungrican305,22K,4880,hungrican305,21578,727,"Miami, FL",Miami,FL,"Miami, FL",,"Miami, FL",,,,FL,MIAMI,2022-06-02 02:00:00.000,2022-05-29 02:00:00.000,2022-06-03 02:00:00.000
200,@pup_lyon,22K,4885,pup_lyon,21514,,Florida,Florida,,Florida,,Florida,,,,FL,,2022-06-02 02:00:00.000,2022-05-28 02:00:00.000,2022-06-03 02:00:00.000
201,@dantedrackis,21K,4958,dantedrackis,20904,5100,"Miami, FL",Miami,FL,"Miami, FL",,"Miami, FL",,,,FL,MIAMI,2022-06-02 02:00:00.000,2022-05-31 02:00:00.000,2022-06-03 02:00:00.000
202,@masterjocktiger,21K,4983,masterjocktiger,20698,2800,"Miami, FL",Miami,FL,"Miami, FL",,"Miami, FL",,,,FL,MIAMI,2022-06-02 02:00:00.000,2022-05-23 02:00:00.000,2022-06-03 02:00:00.000
203,@stevenponcexxx,21K,4986,stevenponcexxx,20677,,"Fort Lauderdale, FL",Fort Lauderdale,FL,"Fort Lauderdale, FL",,"Fort Lauderdale, FL",,,,FL,FORT LAUDERDALE,2022-06-03 02:00:00.000,2022-05-31 02:00:00.000,2022-06-03 02:00:00.000
204,@raviowolf,20K,5025,raviowolf,20332,2400,"Miami, FL",Miami,FL,"Miami, FL",,"Miami, FL",,,,FL,MIAMI,2022-06-02 02:00:00.000,2022-05-21 02:00:00.000,2022-06-03 02:00:00.000
205,@justyncruzx,20K,5034,justyncruzx,20283,2100,"Florida, USA",Florida,USA,"Florida, USA",,"Florida, USA",,,,FL,,2022-03-03 01:00:00.000,2022-03-02 01:00:00.000,2022-06-03 02:00:00.000
206,@bbccameronx,20K,5058,bbccameronx,20079,,Midwest ,Midwest,,Midwest,,Midwest,,,,FL,,2022-06-02 02:00:00.000,2022-05-30 02:00:00.000,2022-06-03 02:00:00.000
207,@mitchrobertsxxx,20K,5066,mitchrobertsxxx,19949,324,"Fort Lauderdale, FL",Fort Lauderdale,FL,"Fort Lauderdale, FL",,"Fort Lauderdale, FL",,,,FL,FORT LAUDERDALE,2022-06-02 02:00:00.000,2022-05-29 02:00:00.000,2022-06-03 02:00:00.000
208,@javixca,20K,5087,javixca,19774,11600,"Miami Beach, FL",Miami Beach,FL,"Miami Beach, FL",,"Miami Beach, FL",,,,FL,MIAMI,2022-06-03 02:00:00.000,2022-05-27 02:00:00.000,2022-06-03 02:00:00.000
209,@cameronxstone,20K,5108,cameronxstone,19607,,"Fort Lauderdale, FL",Fort Lauderdale,FL,"Fort Lauderdale, FL",,"Fort Lauderdale, FL",,,,FL,FORT LAUDERDALE,2022-06-03 02:00:00.000,2022-05-24 02:00:00.000,2022-06-03 02:00:00.000
210,@1cesarrossixxx,20K,5113,1cesarrossixxx,19543,,"Florida, USA",Florida,USA,"Florida, USA",,"Florida, USA",,,,FL,,2022-06-02 02:00:00.000,2022-04-22 02:00:00.000,2022-06-03 02:00:00.000
211,@noahxrider,19K,5122,noahxrider,19432,2600,"Florida, USA",Florida,USA,"Florida, USA",,"Florida, USA",,,,FL,,2022-05-12 02:00:00.000,2022-05-03 02:00:00.000,2022-06-03 02:00:00.000
212,@dakotahpxxx,19K,5149,dakotahpxxx,19233,,"Tampa, FL",Tampa,FL,"Tampa, FL",,"Tampa, FL",,,,FL,TAMPA,2022-06-02 02:00:00.000,2022-05-26 02:00:00.000,2022-06-03 02:00:00.000
213,@mattheronxxx,19K,5168,mattheronxxx,19056,,Miami,Miami,,Miami,,Miami,,,,FL,MIAMI,2022-05-28 02:00:00.000,2022-05-28 02:00:00.000,2022-06-03 02:00:00.000
214,@thesexystache,19K,5197,thesexystache,18867,1300,"Miami, FL",Miami,FL,"Miami, FL",,"Miami, FL",,,,FL,MIAMI,2022-06-03 02:00:00.000,2022-06-03 02:00:00.000,2022-06-03 02:00:00.000
215,@zorohub,19K,5217,zorohub,18683,3800,"Tampa, FL",Tampa,FL,"Tampa, FL",,"Tampa, FL",,,,FL,TAMPA,2022-03-08 01:00:00.000,2022-02-28 01:00:00.000,2022-06-03 02:00:00.000
216,@naked_silver,19K,5231,naked_silver,18603,,"St Petersburg, FL",St Petersburg,FL,"St Petersburg, FL",,"St Petersburg, FL",,,,FL,,2022-06-02 02:00:00.000,2022-05-18 02:00:00.000,2022-06-03 02:00:00.000
217,@heim_ian,18K,5274,heim_ian,18367,,"Florida, NYC, Houston, USA",Florida,NYC,"Florida, NYC, Houston, USA",,"Florida, NYC, Houston, USA",,,,FL,,2022-06-03 02:00:00.000,2022-05-27 02:00:00.000,2022-06-03 02:00:00.000
218,@stevesommersxxx,18K,5294,stevesommersxxx,18210,,"Oakland Park, FL",Oakland Park,FL,"Oakland Park, FL",,"Oakland Park, FL",,,,CA,OAKLAND,2022-06-02 02:00:00.000,2022-05-22 02:00:00.000,2022-06-03 02:00:00.000
219,@maddoxryker,18K,5310,maddoxryker,18081,14500,"Florida, USA",Florida,USA,"Florida, USA",,"Florida, USA",,,,FL,,2022-06-02 02:00:00.000,2022-05-26 02:00:00.000,2022-06-03 02:00:00.000
220,@justinerosxxx,18K,5322,justinerosxxx,17948,509,"Fort Lauderdale, FL",Fort Lauderdale,FL,"Fort Lauderdale, FL",,"Fort Lauderdale, FL",,,,FL,FORT LAUDERDALE,2022-06-03 02:00:00.000,2022-05-25 02:00:00.000,2022-06-03 02:00:00.000
221,@raunchywolf1,18K,5355,raunchywolf1,17729,,"Fort Lauderdale, FL",Fort Lauderdale,FL,"Fort Lauderdale, FL",,"Fort Lauderdale, FL",,,,FL,FORT LAUDERDALE,2022-06-02 02:00:00.000,2022-05-29 02:00:00.000,2022-06-03 02:00:00.000
222,@nastygaymer,18K,5363,nastygaymer,17651,253,Midwest,Midwest,,Midwest,,Midwest,,,,FL,,2022-06-03 02:00:00.000,2022-05-16 02:00:00.000,2022-06-03 02:00:00.000
223,@agxmiami,18K,5370,agxmiami,17601,580,"Miami Beach, FL",Miami Beach,FL,"Miami Beach, FL",,"Miami Beach, FL",,,,FL,MIAMI,2022-06-03 02:00:00.000,2022-05-19 02:00:00.000,2022-06-03 02:00:00.000
224,@bottombabexxx,17K,5427,bottombabexxx,17098,5600,"Orlando, FL",Orlando,FL,"Orlando, FL",,"Orlando, FL",,,,FL,ORLANDO,2022-06-03 02:00:00.000,2022-05-29 02:00:00.000,2022-06-03 02:00:00.000
225,@machaeljohnson,17K,5466,machaeljohnson,16868,,"Oakland Park, FL",Oakland Park,FL,"Oakland Park, FL",,"Oakland Park, FL",,,,CA,OAKLAND,2022-06-02 02:00:00.000,2022-05-23 02:00:00.000,2022-06-03 02:00:00.000
226,@papivacci,17K,5479,papivacci,16781,648,"Tampa, FL",Tampa,FL,"Tampa, FL",,"Tampa, FL",,,,FL,TAMPA,2022-06-02 02:00:00.000,2022-05-25 02:00:00.000,2022-06-03 02:00:00.000
227,@ramscub,17K,5502,ramscub,16578,,"Florida, USA",Florida,USA,"Florida, USA",,"Florida, USA",,,,FL,,2022-06-03 02:00:00.000,2022-05-30 02:00:00.000,2022-06-03 02:00:00.000
228,@cocodiesel23,17K,5506,cocodiesel23,16547,3200,"Miami Beach, FL",Miami Beach,FL,"Miami Beach, FL",,"Miami Beach, FL",,,,FL,MIAMI,2022-06-02 02:00:00.000,2022-05-31 02:00:00.000,2022-06-03 02:00:00.000
229,@russiangaymer,16K,5615,russiangaymer,15858,76,"Tampa, FL",Tampa,FL,"Tampa, FL",,"Tampa, FL",,,,FL,TAMPA,2022-06-02 02:00:00.000,2022-05-29 02:00:00.000,2022-06-03 02:00:00.000
230,@pinocchio82,16K,5641,pinocchio82,15727,284,Fort Lauderdale,Fort Lauderdale,,Fort Lauderdale,,Fort Lauderdale,,,,FL,FORT LAUDERDALE,2022-06-03 02:00:00.000,2022-05-29 02:00:00.000,2022-06-03 02:00:00.000
231,@filoufitt,15K,5672,filoufitt,15484,130000,"Miami, FL",Miami,FL,"Miami, FL",,"Miami, FL",,,,FL,MIAMI,2022-06-02 02:00:00.000,2022-05-20 02:00:00.000,2022-06-03 02:00:00.000
232,@gaycountryboy87,15K,5720,gaycountryboy87,15247,,"Tampa, FL",Tampa,FL,"Tampa, FL",,"Tampa, FL",,,,FL,TAMPA,2022-06-02 02:00:00.000,2022-04-23 02:00:00.000,2022-06-03 02:00:00.000
233,@nickdannerxxx,15K,5770,nickdannerxxx,14886,8,"Orlando, FL",Orlando,FL,"Orlando, FL",,"Orlando, FL",,,,FL,ORLANDO,2022-06-03 02:00:00.000,2022-05-21 02:00:00.000,2022-06-03 02:00:00.000
234,@ryan_mnx,15K,5785,ryan_mnx,14781,286,"Fort Lauderdale, FL",Fort Lauderdale,FL,"Fort Lauderdale, FL",,"Fort Lauderdale, FL",,,,FL,FORT LAUDERDALE,2022-06-03 02:00:00.000,2022-05-25 02:00:00.000,2022-06-03 02:00:00.000
235,@gabdaxxx,15K,5797,gabdaxxx,14746,6500,"Miami, FL",Miami,FL,"Miami, FL",,"Miami, FL",,,,FL,MIAMI,2022-06-02 02:00:00.000,2022-05-31 02:00:00.000,2022-06-03 02:00:00.000
236,@leoovice,15K,5815,leoovice,14566,307,"Miami,fl",Miami,fl,"Miami,fl",,"Miami,fl",,,,FL,MIAMI,2022-06-03 02:00:00.000,2022-05-29 02:00:00.000,2022-06-03 02:00:00.000
237,@thisispoyato,15K,5818,thisispoyato,14544,28600,"Miami, FL",Miami,FL,"Miami, FL",,"Miami, FL",,,,FL,MIAMI,2022-06-03 02:00:00.000,2022-05-22 02:00:00.000,2022-06-03 02:00:00.000
238,@liamarcherxxx,14K,5837,liamarcherxxx,14425,,"Fort Lauderdale, FL",Fort Lauderdale,FL,"Fort Lauderdale, FL",,"Fort Lauderdale, FL",,,,FL,FORT LAUDERDALE,2022-06-03 02:00:00.000,2022-05-09 02:00:00.000,2022-06-03 02:00:00.000
239,@daddylancesf,14K,5871,daddylancesf,14276,60,"St Petersburg, FL",St Petersburg,FL,"St Petersburg, FL",,"St Petersburg, FL",,,,FL,,2022-06-02 02:00:00.000,2022-05-22 02:00:00.000,2022-06-03 02:00:00.000
240,@itscamnxtdoor,14K,5888,itscamnxtdoor,14169,,"Miami, FL",Miami,FL,"Miami, FL",,"Miami, FL",,,,FL,MIAMI,2022-06-02 02:00:00.000,2022-05-14 02:00:00.000,2022-06-03 02:00:00.000
241,@jaxsonorleans,14K,5919,jaxsonorleans,14013,1100,"Miami, FL",Miami,FL,"Miami, FL",,"Miami, FL",,,,FL,MIAMI,2022-06-03 02:00:00.000,2022-05-16 02:00:00.000,2022-06-03 02:00:00.000
242,@parkergrantxxx,14K,5920,parkergrantxxx,14003,,"Tampa, FL",Tampa,FL,"Tampa, FL",,"Tampa, FL",,,,FL,TAMPA,2022-06-03 02:00:00.000,2022-06-03 02:00:00.000,2022-06-03 02:00:00.000
243,@archiebakk,14K,5945,archiebakk,13797,686,"Miami, FL",Miami,FL,"Miami, FL",,"Miami, FL",,,,FL,MIAMI,2022-06-02 02:00:00.000,2022-05-31 02:00:00.000,2022-06-03 02:00:00.000
244,@iamcassidyclyde,13K,6032,iamcassidyclyde,13293,,"Jacksonville Beach, FL",Jacksonville Beach,FL,"Jacksonville Beach, FL",,"Jacksonville Beach, FL",,,,FL,JACKSONVILLE,2022-06-02 02:00:00.000,2022-05-30 02:00:00.000,2022-06-03 02:00:00.000
245,@sethcoxxx,13K,6037,sethcoxxx,13279,1000,"Florida, USA",Florida,USA,"Florida, USA",,"Florida, USA",,,,FL,,2022-06-02 02:00:00.000,2022-05-19 02:00:00.000,2022-06-03 02:00:00.000
246,@ajmarshallxxx,13K,6047,ajmarshallxxx,13192,,"Fort Lauderdale, FL",Fort Lauderdale,FL,"Fort Lauderdale, FL",,"Fort Lauderdale, FL",,,,FL,FORT LAUDERDALE,2022-06-02 02:00:00.000,2022-05-25 02:00:00.000,2022-06-03 02:00:00.000
247,@ellisluck11,13K,6055,ellisluck11,13114,,miami,miami,,miami,,miami,,,,FL,MIAMI,2022-06-03 02:00:00.000,2022-05-27 02:00:00.000,2022-06-03 02:00:00.000
248,@bjmasters21,13K,6066,bjmasters21,13069,2200,"Florida, USA",Florida,USA,"Florida, USA",,"Florida, USA",,,,FL,,2022-06-02 02:00:00.000,2022-05-22 02:00:00.000,2022-06-03 02:00:00.000
249,@camnxttdoor,13K,6084,camnxttdoor,12983,164,"Miami, FL",Miami,FL,"Miami, FL",,"Miami, FL",,,,FL,MIAMI,2022-03-29 02:00:00.000,2022-03-26 01:00:00.000,2022-06-03 02:00:00.000
250,@seanduranx,13K,6132,seanduranx,12700,,"Miami, FL",Miami,FL,"Miami, FL",,"Miami, FL",,,,FL,MIAMI,2022-06-03 02:00:00.000,2022-05-21 02:00:00.000,2022-06-03 02:00:00.000
251,@tim_parise,13K,6163,tim_parise,12557,,"Fort Lauderdale, FL",Fort Lauderdale,FL,"Fort Lauderdale, FL",,"Fort Lauderdale, FL",,,,FL,FORT LAUDERDALE,2022-06-02 02:00:00.000,2022-05-18 02:00:00.000,2022-06-03 02:00:00.000
252,@369aces,12K,6232,369aces,12220,,"Orlando, FL",Orlando,FL,"Orlando, FL",,"Orlando, FL",,,,FL,ORLANDO,2022-03-18 01:00:00.000,2022-03-14 01:00:00.000,2022-06-03 02:00:00.000
253,@thatoneguyff,12K,6236,thatoneguyff,12204,,"Fort Lauderdale, FL",Fort Lauderdale,FL,"Fort Lauderdale, FL",,"Fort Lauderdale, FL",,,,FL,FORT LAUDERDALE,2022-06-03 02:00:00.000,2022-05-27 02:00:00.000,2022-06-03 02:00:00.000
254,@xjoshlong,12K,6253,xjoshlong,12096,,"Tampa, Fl",Tampa,Fl,"Tampa, Fl",,"Tampa, Fl",,,,FL,TAMPA,2022-06-02 02:00:00.000,2022-05-18 02:00:00.000,2022-06-03 02:00:00.000
255,@thevossboysx,12K,6254,thevossboysx,12088,1200,"Fort Lauderdale, FL",Fort Lauderdale,FL,"Fort Lauderdale, FL",,"Fort Lauderdale, FL",,,,FL,FORT LAUDERDALE,2022-06-02 02:00:00.000,2022-05-29 02:00:00.000,2022-06-03 02:00:00.000
256,@hopefulromcom,12K,6258,hopefulromcom,12065,,"Orlando, FL",Orlando,FL,"Orlando, FL",,"Orlando, FL",,,,FL,ORLANDO,2022-06-02 02:00:00.000,2022-05-23 02:00:00.000,2022-06-03 02:00:00.000
257,@axeln0xx,12K,6259,axeln0xx,12065,,"Fort Lauderdale, FL",Fort Lauderdale,FL,"Fort Lauderdale, FL",,"Fort Lauderdale, FL",,,,FL,FORT LAUDERDALE,2022-06-02 02:00:00.000,2022-05-30 02:00:00.000,2022-06-03 02:00:00.000
258,@roman_blaque,12K,6273,roman_blaque,11960,658,"Fort Lauderdale, FL",Fort Lauderdale,FL,"Fort Lauderdale, FL",,"Fort Lauderdale, FL",,,,FL,FORT LAUDERDALE,2022-06-02 02:00:00.000,2022-05-17 02:00:00.000,2022-06-03 02:00:00.000
259,@trittylerxxx,11K,6387,trittylerxxx,11390,187,Fort Lauderdale,Fort Lauderdale,,Fort Lauderdale,,Fort Lauderdale,,,,FL,FORT LAUDERDALE,2022-06-03 02:00:00.000,2022-05-28 02:00:00.000,2022-06-03 02:00:00.000
260,@fitness_lleo,11K,6394,fitness_lleo,11323,209,"Miami, FL",Miami,FL,"Miami, FL",,"Miami, FL",,,,FL,MIAMI,2022-06-03 02:00:00.000,2022-05-11 02:00:00.000,2022-06-03 02:00:00.000
261,@aidenasher11,11K,6419,aidenasher11,11186,,FL,FL,,FL,,FL,,,,FL,,2022-06-02 02:00:00.000,2022-05-27 02:00:00.000,2022-06-03 02:00:00.000
262,@aashwork,11K,6423,aashwork,11182,,"Midwest, Usa ",Midwest,Usa,"Midwest, Usa",,"Midwest, Usa",,,,FL,,2022-06-02 02:00:00.000,2022-05-31 02:00:00.000,2022-06-03 02:00:00.000
263,@mastergio692,11K,6489,mastergio692,10917,4400,"Hollywood, FL",Hollywood,FL,"Hollywood, FL",,"Hollywood, FL",,,,CA,HOLLYWOOD,2022-06-02 02:00:00.000,2022-05-27 02:00:00.000,2022-06-03 02:00:00.000
264,@alesshaddad,11K,6502,alesshaddad,10836,,"Miami, FL",Miami,FL,"Miami, FL",,"Miami, FL",,,,FL,MIAMI,2022-06-02 02:00:00.000,2022-05-19 02:00:00.000,2022-06-03 02:00:00.000
265,@alehad1992,11K,6508,alehad1992,10826,,"Miami, FL",Miami,FL,"Miami, FL",,"Miami, FL",,,,FL,MIAMI,2022-05-09 02:00:00.000,2022-04-22 02:00:00.000,2022-06-03 02:00:00.000
266,@cumdumpster6911,11K,6524,cumdumpster6911,10745,,"Fort Lauderdale, FL",Fort Lauderdale,FL,"Fort Lauderdale, FL",,"Fort Lauderdale, FL",,,,FL,FORT LAUDERDALE,2022-06-02 02:00:00.000,2022-05-29 02:00:00.000,2022-06-03 02:00:00.000
267,@jacobwoodsxxx,11K,6545,jacobwoodsxxx,10654,229,Wilton Manors FL,Wilton Manors FL,,Wilton Manors FL,,Wilton Manors FL,,,,FL,,2022-06-02 02:00:00.000,2022-05-14 02:00:00.000,2022-06-03 02:00:00.000
268,@muscleboyingear,10K,6593,muscleboyingear,10417,,"Fort Lauderdale, FL",Fort Lauderdale,FL,"Fort Lauderdale, FL",,"Fort Lauderdale, FL",,,,FL,FORT LAUDERDALE,2022-06-02 02:00:00.000,2022-05-31 02:00:00.000,2022-06-03 02:00:00.000
269,@fitness_mgs,10K,6614,fitness_mgs,10268,,"Miami, FL",Miami,FL,"Miami, FL",,"Miami, FL",,,,FL,MIAMI,2022-06-03 02:00:00.000,2022-05-28 02:00:00.000,2022-06-03 02:00:00.000
270,@latinhungmaster,10K,6617,latinhungmaster,10258,700,"Miami, FL",Miami,FL,"Miami, FL",,"Miami, FL",,,,FL,MIAMI,2022-06-03 02:00:00.000,2022-05-21 02:00:00.000,2022-06-03 02:00:00.000
271,@edwinnnxo,10K,6625,edwinnnxo,10228,354,"Florida, USA",Florida,USA,"Florida, USA",,"Florida, USA",,,,FL,,2022-06-02 02:00:00.000,2022-05-27 02:00:00.000,2022-06-03 02:00:00.000
272,@ryankneeds,10K,6638,ryankneeds,10159,,"Fort Lauderdale, FL",Fort Lauderdale,FL,"Fort Lauderdale, FL",,"Fort Lauderdale, FL",,,,FL,FORT LAUDERDALE,2022-06-02 02:00:00.000,2022-05-13 02:00:00.000,2022-06-03 02:00:00.000
273,@daxboynsfw,10K,6655,daxboynsfw,10084,,"Miami, FL",Miami,FL,"Miami, FL",,"Miami, FL",,,,FL,MIAMI,2022-06-02 02:00:00.000,2022-05-19 02:00:00.000,2022-06-03 02:00:00.000
274,@lorenzo_fit,10K,6695,lorenzo_fit,9901,,"Florida, USA",Florida,USA,"Florida, USA",,"Florida, USA",,,,FL,,2022-06-02 02:00:00.000,2022-05-11 02:00:00.000,2022-06-03 02:00:00.000
275,@highasadaydream,10K,6718,highasadaydream,9778,177,"Miami Beach, FL",Miami Beach,FL,"Miami Beach, FL",,"Miami Beach, FL",,,,FL,MIAMI,2022-06-02 02:00:00.000,2022-05-23 02:00:00.000,2022-06-03 02:00:00.000
276,@djkingfitness,10K,6733,djkingfitness,9684,37300,"Tampa, FL",Tampa,FL,"Tampa, FL",,"Tampa, FL",,,,FL,TAMPA,2022-06-02 02:00:00.000,2022-05-28 02:00:00.000,2022-06-03 02:00:00.000
277,@roblawx,10K,6755,roblawx,9593,,"Key West, FL",Key West,FL,"Key West, FL",,"Key West, FL",,,,FL,,2022-06-02 02:00:00.000,2022-05-29 02:00:00.000,2022-06-03 02:00:00.000
278,@derekstonexxx,9K,6857,derekstonexxx,9102,77,"Tampa, FL",Tampa,FL,"Tampa, FL",,"Tampa, FL",,,,FL,TAMPA,2022-06-02 02:00:00.000,2022-05-25 02:00:00.000,2022-06-03 02:00:00.000
279,@adrianrosexxx,9K,6930,adrianrosexxx,8787,,"Florida, USA",Florida,USA,"Florida, USA",,"Florida, USA",,,,FL,,2022-06-02 02:00:00.000,2022-05-17 02:00:00.000,2022-06-03 02:00:00.000
280,@frankiiex,9K,6955,frankiiex,8697,,"Florida, USA",Florida,USA,"Florida, USA",,"Florida, USA",,,,FL,,2022-06-02 02:00:00.000,2022-05-31 02:00:00.000,2022-06-03 02:00:00.000
281,@boytoy7733,9K,6974,boytoy7733,8611,375,"Tampa, FL",Tampa,FL,"Tampa, FL",,"Tampa, FL",,,,FL,TAMPA,2022-06-03 02:00:00.000,2022-05-26 02:00:00.000,2022-06-03 02:00:00.000
282,@luiisge,9K,6983,luiisge,8586,1300,"Miami Beach, FL",Miami Beach,FL,"Miami Beach, FL",,"Miami Beach, FL",,,,FL,MIAMI,2022-06-02 02:00:00.000,2022-05-25 02:00:00.000,2022-06-03 02:00:00.000
283,@bbcumfucker,9K,6991,bbcumfucker,8574,,"Orlando, FL",Orlando,FL,"Orlando, FL",,"Orlando, FL",,,,FL,ORLANDO,2022-06-02 02:00:00.000,2022-05-26 02:00:00.000,2022-06-03 02:00:00.000
284,@latinpupxxx,8K,7040,latinpupxxx,8324,475,"Orlando, FL",Orlando,FL,"Orlando, FL",,"Orlando, FL",,,,FL,ORLANDO,2022-06-02 02:00:00.000,2022-05-29 02:00:00.000,2022-06-03 02:00:00.000
285,@fitcurtis,8K,7072,fitcurtis,8152,,"Miami Beach, FL",Miami Beach,FL,"Miami Beach, FL",,"Miami Beach, FL",,,,FL,MIAMI,2022-06-02 02:00:00.000,2022-05-19 02:00:00.000,2022-06-03 02:00:00.000
286,@johnnybandera,8K,7081,johnnybandera,8110,264,"Miami, FL",Miami,FL,"Miami, FL",,"Miami, FL",,,,FL,MIAMI,2022-06-02 02:00:00.000,2022-05-31 02:00:00.000,2022-06-03 02:00:00.000
287,@blasianking407,8K,7141,blasianking407,7869,356,"Florida, USA",Florida,USA,"Florida, USA",,"Florida, USA",,,,FL,,2022-06-02 02:00:00.000,2022-05-29 02:00:00.000,2022-06-03 02:00:00.000
288,@andrewconnorxxx,8K,7144,andrewconnorxxx,7853,,"Fort Lauderdale, FL",Fort Lauderdale,FL,"Fort Lauderdale, FL",,"Fort Lauderdale, FL",,,,FL,FORT LAUDERDALE,2022-06-03 02:00:00.000,2022-05-27 02:00:00.000,2022-06-03 02:00:00.000
289,@humbl3gentleman,8K,7178,humbl3gentleman,7686,,"Miami, FL",Miami,FL,"Miami, FL",,"Miami, FL",,,,FL,MIAMI,2022-06-02 02:00:00.000,2022-05-25 02:00:00.000,2022-06-03 02:00:00.000
290,@gryphonashe,8K,7190,gryphonashe,7630,,"Fort Lauderdale, FL",Fort Lauderdale,FL,"Fort Lauderdale, FL",,"Fort Lauderdale, FL",,,,FL,FORT LAUDERDALE,2022-06-02 02:00:00.000,2022-05-27 02:00:00.000,2022-06-03 02:00:00.000
291,@santiagoxjorge,7K,7231,santiagoxjorge,7427,67,"Miami, FL",Miami,FL,"Miami, FL",,"Miami, FL",,,,FL,MIAMI,2022-06-02 02:00:00.000,2022-05-24 02:00:00.000,2022-06-03 02:00:00.000
292,@javier_gabrielx,7K,7236,javier_gabrielx,7413,955,"Orlando, FL",Orlando,FL,"Orlando, FL",,"Orlando, FL",,,,FL,ORLANDO,2022-06-02 02:00:00.000,2022-05-19 02:00:00.000,2022-06-03 02:00:00.000
293,@adrian_rose_61,7K,7253,adrian_rose_61,7345,771,"Florida, USA",Florida,USA,"Florida, USA",,"Florida, USA",,,,FL,,2022-04-22 02:00:00.000,2022-04-22 02:00:00.000,2022-06-03 02:00:00.000
294,@demonxtop,7K,7306,demonxtop,7105,,"Florida, USA",Florida,USA,"Florida, USA",,"Florida, USA",,,,FL,,2022-06-03 02:00:00.000,2022-05-25 02:00:00.000,2022-06-03 02:00:00.000
295,@pitsimusprime,7K,7355,pitsimusprime,6907,644,"Orlando, FL",Orlando,FL,"Orlando, FL",,"Orlando, FL",,,,FL,ORLANDO,2022-06-02 02:00:00.000,2022-05-20 02:00:00.000,2022-06-03 02:00:00.000
296,@gmxpapi,7K,7368,gmxpapi,6856,1100,"Fort Lauderdale, FL",Fort Lauderdale,FL,"Fort Lauderdale, FL",,"Fort Lauderdale, FL",,,,FL,FORT LAUDERDALE,2022-06-02 02:00:00.000,2022-05-28 02:00:00.000,2022-06-03 02:00:00.000
297,@gunnarjo616,7K,7450,gunnarjo616,6507,,Midwest,Midwest,,Midwest,,Midwest,,,,FL,,2022-06-02 02:00:00.000,2022-05-29 02:00:00.000,2022-06-03 02:00:00.000
298,@thehuntxxx,6K,7554,thehuntxxx,6163,128,Florida!,Florida!,,Florida!,,Florida!,,,,FL,,2022-06-03 02:00:00.000,2022-05-28 02:00:00.000,2022-06-03 02:00:00.000
299,@xxleric2,6K,7574,xxleric2,6102,,Tampa Florida ,Tampa Florida,,Tampa Florida,,Tampa Florida,,,,FL,TAMPA,2022-06-02 02:00:00.000,2022-05-26 02:00:00.000,2022-06-03 02:00:00.000
300,@mateohappyxx,6K,7605,mateohappyxx,6017,,"Fort Lauderdale, FL",Fort Lauderdale,FL,"Fort Lauderdale, FL",,"Fort Lauderdale, FL",,,,FL,FORT LAUDERDALE,2022-06-02 02:00:00.000,2022-03-06 01:00:00.000,2022-06-03 02:00:00.000
301,@johnnyxnxx,6K,7637,johnnyxnxx,5899,,"Miami, FL",Miami,FL,"Miami, FL",,"Miami, FL",,,,FL,MIAMI,2022-06-02 02:00:00.000,2022-05-25 02:00:00.000,2022-06-03 02:00:00.000
302,@benjamingreyxxx,6K,7639,benjamingreyxxx,5897,19100,"Florida, USA",Florida,USA,"Florida, USA",,"Florida, USA",,,,FL,,2022-06-02 02:00:00.000,2022-05-19 02:00:00.000,2022-06-03 02:00:00.000
303,@reclusivefreak,6K,7649,reclusivefreak,5853,18,"Florida, USA",Florida,USA,"Florida, USA",,"Florida, USA",,,,FL,,2022-06-02 02:00:00.000,2022-05-29 02:00:00.000,2022-06-03 02:00:00.000
304,@kadenparx,6K,7714,kadenparx,5645,,"Fort Lauderdale, FL",Fort Lauderdale,FL,"Fort Lauderdale, FL",,"Fort Lauderdale, FL",,,,FL,FORT LAUDERDALE,2022-06-02 02:00:00.000,2022-05-20 02:00:00.000,2022-06-03 02:00:00.000
305,@seanwestonxxx,6K,7747,seanwestonxxx,5557,,"Fort Lauderdale, FL",Fort Lauderdale,FL,"Fort Lauderdale, FL",,"Fort Lauderdale, FL",,,,FL,FORT LAUDERDALE,2022-06-02 02:00:00.000,2022-05-28 02:00:00.000,2022-06-03 02:00:00.000
306,@tinybottomboy,6K,7766,tinybottomboy,5500,,"Fort Lauderdale, FL",Fort Lauderdale,FL,"Fort Lauderdale, FL",,"Fort Lauderdale, FL",,,,FL,FORT LAUDERDALE,2022-06-02 02:00:00.000,2022-05-28 02:00:00.000,2022-06-03 02:00:00.000
307,@albyharris,5K,7768,albyharris,5490,,Orlando Florida ,Orlando Florida,,Orlando Florida,,Orlando Florida,,,,FL,ORLANDO,2022-06-02 02:00:00.000,2022-05-26 02:00:00.000,2022-06-03 02:00:00.000
308,@beardedfootman,5K,7829,beardedfootman,5292,,"Cape Coral, FL",Cape Coral,FL,"Cape Coral, FL",,"Cape Coral, FL",,,,FL,CAPE CORAL,2022-06-03 02:00:00.000,2022-05-30 02:00:00.000,2022-06-03 02:00:00.000
309,@ricanhealthy,5K,7872,ricanhealthy,5131,,"Orlando, FL and Everywhere! ",Orlando,FL and Everywhere!,"Orlando, FL and Everywhere!",,"Orlando, FL and Everywhere!",,,,FL,ORLANDO,2022-06-02 02:00:00.000,2022-05-28 02:00:00.000,2022-06-03 02:00:00.000
310,@daddykenxxx,5K,7893,daddykenxxx,5072,,Saint Petersburg FL,Saint Petersburg FL,,Saint Petersburg FL,,Saint Petersburg FL,,,,FL,,2022-06-02 02:00:00.000,2022-05-31 02:00:00.000,2022-06-03 02:00:00.000
311,@latinxxxmike,5K,7905,latinxxxmike,5025,,"Miami, FL",Miami,FL,"Miami, FL",,"Miami, FL",,,,FL,MIAMI,2022-06-02 02:00:00.000,2022-05-26 02:00:00.000,2022-06-03 02:00:00.000
312,@onlyjoel2817,5K,7921,onlyjoel2817,4986,6600,"Miami, FL",Miami,FL,"Miami, FL",,"Miami, FL",,,,FL,MIAMI,2022-06-02 02:00:00.000,2022-05-31 02:00:00.000,2022-06-03 02:00:00.000
313,@twinknova,5K,7968,twinknova,4823,,"Florida, USA",Florida,USA,"Florida, USA",,"Florida, USA",,,,FL,,2022-06-02 02:00:00.000,2022-04-22 02:00:00.000,2022-06-03 02:00:00.000
314,@joaks88,5K,7975,joaks88,4811,,"Florida, USA",Florida,USA,"Florida, USA",,"Florida, USA",,,,FL,,2022-06-02 02:00:00.000,2022-05-28 02:00:00.000,2022-06-03 02:00:00.000
315,@alejothefit,5K,7987,alejothefit,4773,,"Miami, FL",Miami,FL,"Miami, FL",,"Miami, FL",,,,FL,MIAMI,2022-06-02 02:00:00.000,2022-05-17 02:00:00.000,2022-06-03 02:00:00.000
316,@rowanhunterxxx,5K,8039,rowanhunterxxx,4610,,"Merritt Island, FL",Merritt Island,FL,"Merritt Island, FL",,"Merritt Island, FL",,,,FL,,2022-06-02 02:00:00.000,2022-05-31 02:00:00.000,2022-06-03 02:00:00.000
317,@bitchboy2040,5K,8044,bitchboy2040,4588,341,"North Miami, FL",North Miami,FL,"North Miami, FL",,"North Miami, FL",,,,FL,MIAMI,2022-03-31 02:00:00.000,2022-03-08 01:00:00.000,2022-06-03 02:00:00.000
318,@gaybodyhottie,4K,8122,gaybodyhottie,4369,,"Florida, USA",Florida,USA,"Florida, USA",,"Florida, USA",,,,FL,,2022-06-02 02:00:00.000,2022-05-29 02:00:00.000,2022-06-03 02:00:00.000
319,@bigdvic1,4K,8177,bigdvic1,4200,,"Fort Lauderdale, FL",Fort Lauderdale,FL,"Fort Lauderdale, FL",,"Fort Lauderdale, FL",,,,FL,FORT LAUDERDALE,2022-06-02 02:00:00.000,2022-05-29 02:00:00.000,2022-06-03 02:00:00.000
320,@wrecker4ass,4K,8184,wrecker4ass,4185,,"Miami Beach, FL",Miami Beach,FL,"Miami Beach, FL",,"Miami Beach, FL",,,,FL,MIAMI,2022-06-03 02:00:00.000,2022-06-02 02:00:00.000,2022-06-03 02:00:00.000
321,@davyd_jay,4K,8220,davyd_jay,4089,,"Tampa, FL",Tampa,FL,"Tampa, FL",,"Tampa, FL",,,,FL,TAMPA,2022-06-02 02:00:00.000,2022-05-26 02:00:00.000,2022-06-03 02:00:00.000
322,@jt_swole,4K,8245,jt_swole,4023,,"Tampa, Florida, USA",Tampa,Florida,"Tampa, Florida, USA",,"Tampa, Florida, USA",,,,FL,TAMPA,2022-06-03 02:00:00.000,2022-05-26 02:00:00.000,2022-06-03 02:00:00.000
323,@troyhardt,4K,8275,troyhardt,3904,114,"Wilton Manors, FL",Wilton Manors,FL,"Wilton Manors, FL",,"Wilton Manors, FL",,,,FL,,2022-06-02 02:00:00.000,2022-05-26 02:00:00.000,2022-06-03 02:00:00.000
324,@xxxamonebane,4K,8303,xxxamonebane,3812,,"Miami, FL",Miami,FL,"Miami, FL",,"Miami, FL",,,,FL,MIAMI,2022-06-03 02:00:00.000,2022-05-26 02:00:00.000,2022-06-03 02:00:00.000
325,@braystjaymesxxx,4K,8314,braystjaymesxxx,3789,,"Fort Lauderdale, FL",Fort Lauderdale,FL,"Fort Lauderdale, FL",,"Fort Lauderdale, FL",,,,FL,FORT LAUDERDALE,2022-06-02 02:00:00.000,2022-05-20 02:00:00.000,2022-06-03 02:00:00.000
326,@sourjaxx,4K,8316,sourjaxx,3782,,"Miami, FL",Miami,FL,"Miami, FL",,"Miami, FL",,,,FL,MIAMI,2022-06-03 02:00:00.000,2022-06-02 02:00:00.000,2022-06-03 02:00:00.000
327,@spellerthiago,4K,8322,spellerthiago,3762,7,"Miami, FL",Miami,FL,"Miami, FL",,"Miami, FL",,,,FL,MIAMI,2022-06-02 02:00:00.000,2022-05-24 02:00:00.000,2022-06-03 02:00:00.000
328,@mrbigguyt,4K,8334,mrbigguyt,3742,3,"Miami, FL",Miami,FL,"Miami, FL",,"Miami, FL",,,,FL,MIAMI,2022-06-02 02:00:00.000,2022-05-17 02:00:00.000,2022-06-03 02:00:00.000
329,@buffmatthewsxxx,4K,8355,buffmatthewsxxx,3697,,"Fort Lauderdale, FL",Fort Lauderdale,FL,"Fort Lauderdale, FL",,"Fort Lauderdale, FL",,,,FL,FORT LAUDERDALE,2022-06-02 02:00:00.000,2022-05-27 02:00:00.000,2022-06-03 02:00:00.000
330,@flplantboy,4K,8381,flplantboy,3626,151,"Naples, FL",Naples,FL,"Naples, FL",,"Naples, FL",,,,FL,,2022-04-24 02:00:00.000,2022-04-18 02:00:00.000,2022-06-03 02:00:00.000
331,@theejayell,4K,8416,theejayell,3518,,"Miami, San Antonio, New York",Miami,San Antonio,"Miami, San Antonio, New York",,"Miami, San Antonio, New York",,,,FL,MIAMI,2022-06-02 02:00:00.000,2022-05-25 02:00:00.000,2022-06-03 02:00:00.000
332,@jgbottom069,3K,8434,jgbottom069,3468,66,"Florida, USA",Florida,USA,"Florida, USA",,"Florida, USA",,,,FL,,2022-06-02 02:00:00.000,2022-05-23 02:00:00.000,2022-06-03 02:00:00.000
333,@aaronsnowxxx,3K,8453,aaronsnowxxx,3424,3900,"Miami, FL",Miami,FL,"Miami, FL",,"Miami, FL",,,,FL,MIAMI,2022-06-02 02:00:00.000,2022-05-17 02:00:00.000,2022-06-03 02:00:00.000
334,@leatherlanz428,3K,8476,leatherlanz428,3360,,"Fort Lauderdale, FL",Fort Lauderdale,FL,"Fort Lauderdale, FL",,"Fort Lauderdale, FL",,,,FL,FORT LAUDERDALE,2022-06-02 02:00:00.000,2022-05-22 02:00:00.000,2022-06-03 02:00:00.000
335,@rosswilsoncam,3K,8514,rosswilsoncam,3260,,"Florida, United States",Florida,United States,"Florida, United States",,"Florida, United States",,,,FL,,2022-06-02 02:00:00.000,2022-05-29 02:00:00.000,2022-06-03 02:00:00.000
336,@nsfw_miguel,3K,8532,nsfw_miguel,3209,,"St Petersburg, FL",St Petersburg,FL,"St Petersburg, FL",,"St Petersburg, FL",,,,FL,,2022-05-31 02:00:00.000,2022-05-23 02:00:00.000,2022-06-03 02:00:00.000
337,@kentmarksxxx,3K,8542,kentmarksxxx,3190,,"Miami, FL",Miami,FL,"Miami, FL",,"Miami, FL",,,,FL,MIAMI,2022-06-03 02:00:00.000,2022-05-27 02:00:00.000,2022-06-03 02:00:00.000
338,@chasedanielsxxx,3K,8553,chasedanielsxxx,3164,,Tampa,Tampa,,Tampa,,Tampa,,,,FL,TAMPA,2022-06-02 02:00:00.000,2022-05-21 02:00:00.000,2022-06-03 02:00:00.000
339,@tonylazzarixxx,3K,8572,tonylazzarixxx,3098,,"Fort Lauderdale, FL",Fort Lauderdale,FL,"Fort Lauderdale, FL",,"Fort Lauderdale, FL",,,,FL,FORT LAUDERDALE,2022-06-02 02:00:00.000,2022-05-20 02:00:00.000,2022-06-03 02:00:00.000
340,@childofveenus,3K,8577,childofveenus,3088,169,"Miami, FL",Miami,FL,"Miami, FL",,"Miami, FL",,,,FL,MIAMI,2022-06-02 02:00:00.000,2022-05-31 02:00:00.000,2022-06-03 02:00:00.000
341,@therealvinroxx,3K,8607,therealvinroxx,3007,6900,"Gainesville, FL",Gainesville,FL,"Gainesville, FL",,"Gainesville, FL",,,,FL,GAINESVILLE,2022-06-03 02:00:00.000,2022-05-29 02:00:00.000,2022-06-03 02:00:00.000
342,@jhoan_garcia91,3K,8621,jhoan_garcia91,2988,309,"Miami, FL",Miami,FL,"Miami, FL",,"Miami, FL",,,,FL,MIAMI,2022-06-03 02:00:00.000,2022-05-30 02:00:00.000,2022-06-03 02:00:00.000
343,@mavp1998,3K,8629,mavp1998,2973,,"Miami, FL",Miami,FL,"Miami, FL",,"Miami, FL",,,,FL,MIAMI,2022-06-02 02:00:00.000,2022-06-02 02:00:00.000,2022-06-03 02:00:00.000
344,@gerrywestx,3K,8635,gerrywestx,2959,392,"Miami, FL",Miami,FL,"Miami, FL",,"Miami, FL",,,,FL,MIAMI,2022-06-02 02:00:00.000,2022-05-09 02:00:00.000,2022-06-03 02:00:00.000
345,@francoscottxxx,3K,8686,francoscottxxx,2847,118,Miami Beach,Miami Beach,,Miami Beach,,Miami Beach,,,,FL,MIAMI,2022-06-03 02:00:00.000,2022-05-25 02:00:00.000,2022-06-03 02:00:00.000
346,@valentinovxxx,3K,8698,valentinovxxx,2822,,"Orlando, FL",Orlando,FL,"Orlando, FL",,"Orlando, FL",,,,FL,ORLANDO,2022-06-02 02:00:00.000,2022-05-24 02:00:00.000,2022-06-03 02:00:00.000
347,@maxromanoxxx,3K,8727,maxromanoxxx,2741,20,"Miami, FL",Miami,FL,"Miami, FL",,"Miami, FL",,,,FL,MIAMI,2022-06-03 02:00:00.000,2022-05-26 02:00:00.000,2022-06-03 02:00:00.000
348,@talldarkandxxx,3K,8783,talldarkandxxx,2629,,"Tampa, FL",Tampa,FL,"Tampa, FL",,"Tampa, FL",,,,FL,TAMPA,2022-06-02 02:00:00.000,2022-05-18 02:00:00.000,2022-06-03 02:00:00.000
349,@valentinofuexxx,3K,8786,valentinofuexxx,2617,,"FT. Lauderdale, Florida",FT. Lauderdale,Florida,"FT. Lauderdale, Florida",,"FT. Lauderdale, Florida",,,,FL,,2022-06-03 02:00:00.000,2022-05-26 02:00:00.000,2022-06-03 02:00:00.000
350,@hornedants,3K,8795,hornedants,2589,149,"Miami, FL",Miami,FL,"Miami, FL",,"Miami, FL",,,,FL,MIAMI,2022-06-02 02:00:00.000,2022-05-29 02:00:00.000,2022-06-03 02:00:00.000
351,@blakeadams21,3K,8820,blakeadams21,2536,131, Midwest,Midwest,,Midwest,,Midwest,,,,FL,,2022-03-29 02:00:00.000,2022-03-06 01:00:00.000,2022-06-03 02:00:00.000
352,@alphamuscle_,2K,8898,alphamuscle_,2327,,Tampa florida,Tampa florida,,Tampa florida,,Tampa florida,,,,FL,TAMPA,2022-06-02 02:00:00.000,2022-05-26 02:00:00.000,2022-06-03 02:00:00.000
353,@ashillbay,2K,8912,ashillbay,2283,,Wilton manors,Wilton manors,,Wilton manors,,Wilton manors,,,,FL,,2022-06-02 02:00:00.000,2022-05-27 02:00:00.000,2022-06-03 02:00:00.000
354,@axelmorecox,2K,8932,axelmorecox,2247,,"Fort Lauderdale, FL",Fort Lauderdale,FL,"Fort Lauderdale, FL",,"Fort Lauderdale, FL",,,,FL,FORT LAUDERDALE,2022-06-02 02:00:00.000,2022-05-26 02:00:00.000,2022-06-03 02:00:00.000
355,@max_royse,2K,8953,max_royse,2206,512,Russia St. Petersburg ,Russia St. Petersburg,,Russia St. Petersburg,,Russia St. Petersburg,,,,FL,ST. PETERSBURG,2022-06-02 02:00:00.000,2022-05-15 02:00:00.000,2022-06-03 02:00:00.000
356,@xprettiboireddx,2K,8977,xprettiboireddx,2142,20,Florida ,Florida,,Florida,,Florida,,,,FL,,2022-06-02 02:00:00.000,2022-05-28 02:00:00.000,2022-06-03 02:00:00.000
357,@strong_hands34,2K,9041,strong_hands34,2011,1800,"Oakland Park, FL",Oakland Park,FL,"Oakland Park, FL",,"Oakland Park, FL",,,,CA,OAKLAND,2022-06-02 02:00:00.000,2022-05-22 02:00:00.000,2022-06-03 02:00:00.000
358,@whorlandocplxxx,2K,9057,whorlandocplxxx,1981,,"Orlando, FL",Orlando,FL,"Orlando, FL",,"Orlando, FL",,,,FL,ORLANDO,2022-06-02 02:00:00.000,2022-05-23 02:00:00.000,2022-06-03 02:00:00.000
359,@hyperxjesse,2K,9071,hyperxjesse,1957,,"Orlando, FL",Orlando,FL,"Orlando, FL",,"Orlando, FL",,,,FL,ORLANDO,2022-06-02 02:00:00.000,2022-05-27 02:00:00.000,2022-06-03 02:00:00.000
360,@uncutjock,2K,9074,uncutjock,1955,852,"Miami Beach, FL",Miami Beach,FL,"Miami Beach, FL",,"Miami Beach, FL",,,,FL,MIAMI,2022-06-03 02:00:00.000,2022-06-02 02:00:00.000,2022-06-03 02:00:00.000
361,@mikeyleaksxxx,2K,9075,mikeyleaksxxx,1955,,"Miami, FL",Miami,FL,"Miami, FL",,"Miami, FL",,,,FL,MIAMI,2022-06-02 02:00:00.000,2022-05-25 02:00:00.000,2022-06-03 02:00:00.000
362,@artthot_,2K,9080,artthot_,1949,,"Florida, USA",Florida,USA,"Florida, USA",,"Florida, USA",,,,FL,,2022-06-02 02:00:00.000,2022-05-17 02:00:00.000,2022-06-03 02:00:00.000
363,@blainebakerxxx,2K,9113,blainebakerxxx,1874,,"Naples, FL",Naples,FL,"Naples, FL",,"Naples, FL",,,,FL,,2022-06-02 02:00:00.000,2022-05-22 02:00:00.000,2022-06-03 02:00:00.000
364,@prestonnxxx,2K,9139,prestonnxxx,1827,97,"St. Augustine, FL",St. Augustine,FL,"St. Augustine, FL",,"St. Augustine, FL",,,,FL,,2022-06-02 02:00:00.000,2022-05-26 02:00:00.000,2022-06-03 02:00:00.000
365,@jeremyvcollins1,2K,9157,jeremyvcollins1,1791,,"Miami Beach, FL",Miami Beach,FL,"Miami Beach, FL",,"Miami Beach, FL",,,,FL,MIAMI,2022-06-03 02:00:00.000,2022-05-22 02:00:00.000,2022-06-03 02:00:00.000
366,@chaseharleyxxx,2K,9182,chaseharleyxxx,1738,,"Fort Lauderdale, FL",Fort Lauderdale,FL,"Fort Lauderdale, FL",,"Fort Lauderdale, FL",,,,FL,FORT LAUDERDALE,2022-06-02 02:00:00.000,2022-05-25 02:00:00.000,2022-06-03 02:00:00.000
367,@denistommo,2K,9187,denistommo,1729,733,"Miami, FL",Miami,FL,"Miami, FL",,"Miami, FL",,,,FL,MIAMI,2022-06-02 02:00:00.000,2022-05-28 02:00:00.000,2022-06-03 02:00:00.000
368,@dane_decardeza,2K,9223,dane_decardeza,1678,302,"Tampa, FL",Tampa,FL,"Tampa, FL",,"Tampa, FL",,,,FL,TAMPA,2022-06-02 02:00:00.000,2022-05-14 02:00:00.000,2022-06-03 02:00:00.000
369,@miamimusclejock,2K,9229,miamimusclejock,1664,61,"Miami, FL",Miami,FL,"Miami, FL",,"Miami, FL",,,,FL,MIAMI,2022-06-03 02:00:00.000,2022-05-31 02:00:00.000,2022-06-03 02:00:00.000
370,@angelaviancexxx,2K,9237,angelaviancexxx,1652,43,"Miami, FL",Miami,FL,"Miami, FL",,"Miami, FL",,,,FL,MIAMI,2022-06-02 02:00:00.000,2022-05-22 02:00:00.000,2022-06-03 02:00:00.000
371,@openguypig,1K,9332,openguypig,1494,,"Miami, FL",Miami,FL,"Miami, FL",,"Miami, FL",,,,FL,MIAMI,2022-06-02 02:00:00.000,2022-03-02 01:00:00.000,2022-06-03 02:00:00.000
372,@domtopbottom,1K,9372,domtopbottom,1416,,"Florida, USA",Florida,USA,"Florida, USA",,"Florida, USA",,,,FL,,2022-06-03 02:00:00.000,2022-05-23 02:00:00.000,2022-06-03 02:00:00.000
373,@lockedajax,1K,9391,lockedajax,1381,,"Orlando, FL",Orlando,FL,"Orlando, FL",,"Orlando, FL",,,,FL,ORLANDO,2022-06-02 02:00:00.000,2022-05-29 02:00:00.000,2022-06-03 02:00:00.000
374,@mastermoosefl,1K,9392,mastermoosefl,1379,,"Florida, USA",Florida,USA,"Florida, USA",,"Florida, USA",,,,FL,,2022-06-02 02:00:00.000,2022-05-19 02:00:00.000,2022-06-03 02:00:00.000
375,@urboynextdoor_,1K,9400,urboynextdoor_,1355,167,Florida,Florida,,Florida,,Florida,,,,FL,,2022-06-02 02:00:00.000,2022-05-20 02:00:00.000,2022-06-03 02:00:00.000
376,@mateocummingsxx,1K,9410,mateocummingsxx,1337,,"Orlando, FL",Orlando,FL,"Orlando, FL",,"Orlando, FL",,,,FL,ORLANDO,2022-04-05 02:00:00.000,2022-03-14 01:00:00.000,2022-06-03 02:00:00.000
377,@josh_ryanxxx,1K,9499,josh_ryanxxx,1184,,Fort Lauderdale,Fort Lauderdale,,Fort Lauderdale,,Fort Lauderdale,,,,FL,FORT LAUDERDALE,2022-06-02 02:00:00.000,2022-05-26 02:00:00.000,2022-06-03 02:00:00.000
378,@mnmogul10,1K,9510,mnmogul10,1168,,"Palm Beach Gardens, FL",Palm Beach Gardens,FL,"Palm Beach Gardens, FL",,"Palm Beach Gardens, FL",,,,FL,,2022-06-02 02:00:00.000,2022-05-22 02:00:00.000,2022-06-03 02:00:00.000
379,@nsfw_lexx,1K,9533,nsfw_lexx,1148,,"Miami, FL",Miami,FL,"Miami, FL",,"Miami, FL",,,,FL,MIAMI,2022-06-02 02:00:00.000,2022-05-26 02:00:00.000,2022-06-03 02:00:00.000
380,@zaddyliam1,1K,9542,zaddyliam1,1142,,"Miami, Fl",Miami,Fl,"Miami, Fl",,"Miami, Fl",,,,FL,MIAMI,2022-06-02 02:00:00.000,2022-05-27 02:00:00.000,2022-06-03 02:00:00.000
381,@cumpastel,1K,9559,cumpastel,1108,,"Florida, USA",Florida,USA,"Florida, USA",,"Florida, USA",,,,FL,,2022-06-02 02:00:00.000,2022-05-28 02:00:00.000,2022-06-03 02:00:00.000
382,@mateorosexxx,1K,9561,mateorosexxx,1104,,"Florida, USA",Florida,USA,"Florida, USA",,"Florida, USA",,,,FL,,2022-06-02 02:00:00.000,2022-05-23 02:00:00.000,2022-06-03 02:00:00.000
383,@a_gabrielx,1K,9569,a_gabrielx,1089,,"Miami, FL",Miami,FL,"Miami, FL",,"Miami, FL",,,,FL,MIAMI,2022-06-02 02:00:00.000,2022-05-31 02:00:00.000,2022-06-03 02:00:00.000
384,@jagger_jul,1K,9583,jagger_jul,1072,594,"Florida, USA",Florida,USA,"Florida, USA",,"Florida, USA",,,,FL,,2022-06-02 02:00:00.000,2022-05-29 02:00:00.000,2022-06-03 02:00:00.000
385,@tony_balmain,1K,9585,tony_balmain,1071,,"Orlando, FL",Orlando,FL,"Orlando, FL",,"Orlando, FL",,,,FL,ORLANDO,2022-06-02 02:00:00.000,2022-05-24 02:00:00.000,2022-06-03 02:00:00.000
386,@vintage_lvr_cub,1K,9607,vintage_lvr_cub,1040,,"Fort Lauderdale, FL",Fort Lauderdale,FL,"Fort Lauderdale, FL",,"Fort Lauderdale, FL",,,,FL,FORT LAUDERDALE,2022-06-03 02:00:00.000,2022-06-02 02:00:00.000,2022-06-03 02:00:00.000
387,@moneyxay,1K,9612,moneyxay,1030,,"Florida, USA",Florida,USA,"Florida, USA",,"Florida, USA",,,,FL,,2022-06-02 02:00:00.000,2022-05-26 02:00:00.000,2022-06-03 02:00:00.000
388,@jakexowens,1K,9637,jakexowens,991,,"Tampa Bay, FL",Tampa Bay,FL,"Tampa Bay, FL",,"Tampa Bay, FL",,,,FL,TAMPA,2022-06-02 02:00:00.000,2022-04-29 02:00:00.000,2022-06-03 02:00:00.000
389,@joshbakerxxx,1K,9647,joshbakerxxx,968,,"Naples, FL",Naples,FL,"Naples, FL",,"Naples, FL",,,,FL,,2022-06-02 02:00:00.000,2022-05-25 02:00:00.000,2022-06-03 02:00:00.000
390,@evanshroverxxx,1K,9651,evanshroverxxx,957,,"Florida, USA",Florida,USA,"Florida, USA",,"Florida, USA",,,,FL,,2022-06-02 02:00:00.000,2022-06-02 02:00:00.000,2022-06-03 02:00:00.000
391,@princesalbertxx,1K,9669,princesalbertxx,925,,"Fort Lauderdale, FL",Fort Lauderdale,FL,"Fort Lauderdale, FL",,"Fort Lauderdale, FL",,,,FL,FORT LAUDERDALE,2022-06-02 02:00:00.000,2022-05-25 02:00:00.000,2022-06-03 02:00:00.000
392,@tigerxcock,1K,9675,tigerxcock,917,,"Miami, FL",Miami,FL,"Miami, FL",,"Miami, FL",,,,FL,MIAMI,2022-06-02 02:00:00.000,2022-05-31 02:00:00.000,2022-06-03 02:00:00.000
393,@xldragon69,1K,9682,xldragon69,904,,"Fort Lauderdale, FL",Fort Lauderdale,FL,"Fort Lauderdale, FL",,"Fort Lauderdale, FL",,,,FL,FORT LAUDERDALE,2022-06-02 02:00:00.000,2022-05-17 02:00:00.000,2022-06-03 02:00:00.000
394,@lilwetbottom,1K,9710,lilwetbottom,850,,"Jacksonville, Fl",Jacksonville,Fl,"Jacksonville, Fl",,"Jacksonville, Fl",,,,FL,JACKSONVILLE,2022-06-02 02:00:00.000,2022-05-31 02:00:00.000,2022-06-03 02:00:00.000
395,@_ridethedragon,1K,9738,_ridethedragon,795,,"Tampa, FL",Tampa,FL,"Tampa, FL",,"Tampa, FL",,,,FL,TAMPA,2022-06-02 02:00:00.000,2022-05-26 02:00:00.000,2022-06-03 02:00:00.000
396,@j_ivanni,1K,9745,j_ivanni,780,,"Kissimmee, FL",Kissimmee,FL,"Kissimmee, FL",,"Kissimmee, FL",,,,FL,,2022-06-03 02:00:00.000,2022-05-11 02:00:00.000,2022-06-03 02:00:00.000
397,@tony_rosexx,1K,9881,tony_rosexx,572,17,Miami ,Miami,,Miami,,Miami,,,,FL,MIAMI,2022-06-02 02:00:00.000,2022-05-27 02:00:00.000,2022-06-03 02:00:00.000
398,@zachthompsonxxx,1K,9891,zachthompsonxxx,561,,"Fort Lauderdale, FL",Fort Lauderdale,FL,"Fort Lauderdale, FL",,"Fort Lauderdale, FL",,,,FL,FORT LAUDERDALE,2022-06-03 02:00:00.000,2022-05-27 02:00:00.000,2022-06-03 02:00:00.000
399,@derekpiercexxx,1K,9904,derekpiercexxx,546,,"Florida, USA",Florida,USA,"Florida, USA",,"Florida, USA",,,,FL,,2022-06-02 02:00:00.000,2022-05-20 02:00:00.000,2022-06-03 02:00:00.000
400,@kevinnoah5x,1K,9925,kevinnoah5x,518,,"Miami, FL",Miami,FL,"Miami, FL",,"Miami, FL",,,,FL,MIAMI,2022-06-02 02:00:00.000,2022-05-28 02:00:00.000,2022-06-03 02:00:00.000
401,@giordanoxxx,1K,9929,giordanoxxx,514,,"Florida, USA",Florida,USA,"Florida, USA",,"Florida, USA",,,,FL,,2022-06-03 02:00:00.000,2022-05-12 02:00:00.000,2022-06-03 02:00:00.000
402,@thatfurryboy,K,9960,thatfurryboy,469,,Florida,Florida,,Florida,,Florida,,,,FL,,2022-06-02 02:00:00.000,2022-05-16 02:00:00.000,2022-06-03 02:00:00.000
403,@star69bottom,K,9981,star69bottom,451,,"Orlando,Fl.",Orlando,Fl.,"Orlando,Fl.",,"Orlando,Fl.",,,,FL,ORLANDO,2022-06-02 02:00:00.000,2022-05-16 02:00:00.000,2022-06-03 02:00:00.000
404,@asherconor,K,10018,asherconor,406,,"Florida, USA",Florida,USA,"Florida, USA",,"Florida, USA",,,,FL,,2022-06-02 02:00:00.000,2022-05-27 02:00:00.000,2022-06-03 02:00:00.000
405,@lealchx,K,10057,lealchx,335,21,"Miami, FL",Miami,FL,"Miami, FL",,"Miami, FL",,,,FL,MIAMI,2022-06-03 02:00:00.000,2022-05-10 02:00:00.000,2022-06-03 02:00:00.000
406,@liamlucaxxx,K,10100,liamlucaxxx,295,,"Florida, USA",Florida,USA,"Florida, USA",,"Florida, USA",,,,FL,,2022-06-02 02:00:00.000,2022-05-15 02:00:00.000,2022-06-03 02:00:00.000
407,@axelstjohn,K,10109,axelstjohn,288,7,"Fort Lauderdale, FL",Fort Lauderdale,FL,"Fort Lauderdale, FL",,"Fort Lauderdale, FL",,,,FL,FORT LAUDERDALE,2022-06-02 02:00:00.000,2022-05-24 02:00:00.000,2022-06-03 02:00:00.000
408,@blakejordanxxx,K,10148,blakejordanxxx,249,,"Orlando, FL",Orlando,FL,"Orlando, FL",,"Orlando, FL",,,,FL,ORLANDO,2022-06-02 02:00:00.000,2022-05-29 02:00:00.000,2022-06-03 02:00:00.000
409,@ftlmaskedx,K,10153,ftlmaskedx,245,,"Fort Lauderdale, FL",Fort Lauderdale,FL,"Fort Lauderdale, FL",,"Fort Lauderdale, FL",,,,FL,FORT LAUDERDALE,2022-06-02 02:00:00.000,2022-05-21 02:00:00.000,2022-06-03 02:00:00.000
410,@persianotterxxx,K,10155,persianotterxxx,243,,"Fort Lauderdale, FL",Fort Lauderdale,FL,"Fort Lauderdale, FL",,"Fort Lauderdale, FL",,,,FL,FORT LAUDERDALE,2022-06-02 02:00:00.000,2022-05-25 02:00:00.000,2022-06-03 02:00:00.000
411,@nwflcumdump,K,10166,nwflcumdump,234,,"Florida, USA",Florida,USA,"Florida, USA",,"Florida, USA",,,,FL,,2022-06-02 02:00:00.000,2022-04-25 02:00:00.000,2022-06-03 02:00:00.000
412,@oceaneyes21_,K,10182,oceaneyes21_,220,42,"Tampa, FL",Tampa,FL,"Tampa, FL",,"Tampa, FL",,,,FL,TAMPA,2022-06-02 02:00:00.000,2022-05-24 02:00:00.000,2022-06-03 02:00:00.000
413,@girthfan87,K,10183,girthfan87,218,258,"Fort Lauderdale, FL",Fort Lauderdale,FL,"Fort Lauderdale, FL",,"Fort Lauderdale, FL",,,,FL,FORT LAUDERDALE,2022-06-02 02:00:00.000,2022-05-24 02:00:00.000,2022-06-03 02:00:00.000
414,@jasontfitness,K,10194,jasontfitness,212,,"Jacksonville, FL",Jacksonville,FL,"Jacksonville, FL",,"Jacksonville, FL",,,,FL,JACKSONVILLE,2022-06-02 02:00:00.000,2022-05-18 02:00:00.000,2022-06-03 02:00:00.000
415,@florida_vers,K,10204,florida_vers,204,,"Kissimmee, FL",Kissimmee,FL,"Kissimmee, FL",,"Kissimmee, FL",,,,FL,,2022-06-02 02:00:00.000,2022-05-28 02:00:00.000,2022-06-03 02:00:00.000
416,@adamxmonroe,K,10260,adamxmonroe,136,,"Gainesville, FL",Gainesville,FL,"Gainesville, FL",,"Gainesville, FL",,,,FL,GAINESVILLE,2022-06-02 02:00:00.000,2022-05-21 02:00:00.000,2022-06-03 02:00:00.000
417,@ftlhockeyjocks2,K,10274,ftlhockeyjocks2,125,,"Fort Lauderdale, FL",Fort Lauderdale,FL,"Fort Lauderdale, FL",,"Fort Lauderdale, FL",,,,FL,FORT LAUDERDALE,2022-06-02 02:00:00.000,2022-05-28 02:00:00.000,2022-06-03 02:00:00.000
418,@ty_robertsxxx,K,10275,ty_robertsxxx,124,330,"Miami, FL",Miami,FL,"Miami, FL",,"Miami, FL",,,,FL,MIAMI,2022-06-03 02:00:00.000,2022-04-14 02:00:00.000,2022-06-03 02:00:00.000
419,@danny_steele_x,K,10307,danny_steele_x,89,53,"Orlando, FL",Orlando,FL,"Orlando, FL",,"Orlando, FL",,,,FL,ORLANDO,2022-06-02 02:00:00.000,2022-06-02 02:00:00.000,2022-06-03 02:00:00.000
420,@matt_williamx,K,10320,matt_williamx,78,67,"Miami, FL",Miami,FL,"Miami, FL",,"Miami, FL",,,,FL,MIAMI,2022-06-02 02:00:00.000,2022-05-27 02:00:00.000,2022-06-03 02:00:00.000
421,@gay1738w,K,10358,gay1738w,45,,"Pensacola, FL",Pensacola,FL,"Pensacola, FL",,"Pensacola, FL",,,,FL,,2022-06-02 02:00:00.000,2022-06-02 02:00:00.000,2022-06-03 02:00:00.000
422,@theargonaut87,K,10359,theargonaut87,45,,"Florida, USA",Florida,USA,"Florida, USA",,"Florida, USA",,,,FL,,2022-06-02 02:00:00.000,2022-05-20 02:00:00.000,2022-06-03 02:00:00.000
423,@alexx_rush97,K,10395,alexx_rush97,19,6,"Orlando, FL",Orlando,FL,"Orlando, FL",,"Orlando, FL",,,,FL,ORLANDO,2022-06-02 02:00:00.000,2022-05-25 02:00:00.000,2022-06-03 02:00:00.000

